uname_length,fname_length,fname_words,desc_length,desc_words,has_ext_link,has_profile_pic,has_contact,age,posts,followers,followings,friends_count,highlights,has_cat,has_reels,has_igtv,has_tagged_photos,is_private,is_verified,reports,is_fake
10,5,1,9,1,1,1,1,22,158,1626,716,37,7,1,0,0,1,0,0,0,0
7,5,1,1,1,0,1,0,28,63,326,308,35,6,0,0,1,0,1,0,0,0
14,10,2,0,1,1,1,0,13,51,5863,555,21,4,0,0,1,1,1,0,0,0
15,12,2,0,1,1,1,1,12,7,366,416,34,3,0,1,1,1,0,0,0,0
10,13,2,0,1,0,1,0,12,6,336,307,37,0,0,0,1,0,1,0,0,0
13,6,1,43,10,0,1,0,33,12,417,571,41,1,0,0,0,0,1,0,0,0
15,6,1,24,6,0,1,0,35,20,1010,736,47,1,0,1,0,1,1,0,0,0
12,8,1,59,10,0,1,0,33,24,555,645,6,1,0,0,0,1,1,0,0,0
11,7,1,14,4,0,1,0,25,16,441,558,10,6,0,0,0,1,1,0,0,0
11,13,2,23,4,0,1,0,9,45,459,1096,48,10,0,0,1,1,1,0,0,0
15,10,2,11,2,1,1,1,30,46,174,188,19,0,0,0,1,0,1,0,0,0
8,16,3,13,3,1,1,0,24,24,1284,738,39,4,0,1,0,1,1,0,0,0
8,3,1,23,6,0,1,0,29,39,491,438,29,1,0,0,0,1,1,0,0,0
9,11,2,26,8,0,1,1,21,58,859,663,8,6,0,0,1,1,1,0,0,0
9,10,2,48,5,0,1,0,25,94,1184,1242,41,12,0,1,0,1,0,0,0,0
13,7,1,5,1,0,1,0,40,113,421,565,47,6,0,1,1,1,1,0,0,0
8,11,2,30,7,0,1,0,38,25,485,474,34,0,0,1,0,0,1,0,0,0
15,10,2,0,1,1,1,0,21,57,390,518,30,7,0,0,0,1,1,0,0,0
14,9,2,103,10,1,1,1,39,210,1611,1955,23,4,0,1,0,1,0,0,0,0
13,11,2,84,12,0,1,0,38,8,328,111,49,2,0,0,0,1,1,0,0,0
13,11,2,20,4,0,1,0,40,36,425,472,40,0,0,0,0,0,1,0,0,0
15,12,2,36,4,0,1,0,35,78,530,465,29,0,0,0,0,0,0,0,0,0
12,17,1,32,3,0,1,1,25,0,478,848,17,0,0,0,0,0,1,0,0,0
10,10,2,131,11,0,1,0,29,7,303,189,10,1,0,0,0,1,1,0,0,0
10,12,2,0,1,0,1,0,23,24,338,745,31,4,0,0,0,1,1,0,0,0
11,11,2,0,1,0,1,0,20,0,383,371,2,0,0,0,0,0,1,0,0,0
18,11,2,40,9,0,1,0,37,49,264,277,22,0,0,0,0,0,1,0,0,0
10,10,2,73,16,0,1,0,40,48,411,351,48,5,0,0,0,1,1,0,0,0
10,10,2,30,8,0,1,0,40,8,599,643,44,3,0,0,0,1,1,0,0,0
12,12,2,0,1,0,1,1,35,10,382,828,5,5,0,0,0,1,1,0,0,0
16,11,11,55,5,0,1,0,34,58,1010,952,15,4,0,0,0,1,1,0,0,0
19,16,2,54,7,0,1,0,29,12,357,444,44,2,0,0,0,1,1,0,0,0
12,0,1,5,5,0,1,0,28,55,590,733,8,7,0,0,0,1,1,0,0,0
13,8,2,13,1,0,1,0,31,61,553,549,11,0,0,0,0,0,1,0,0,0
10,14,2,43,5,0,1,0,33,37,695,584,6,0,0,0,0,0,1,0,0,0
15,11,2,80,11,0,1,0,28,73,302,533,49,2,0,0,0,1,1,0,0,0
18,13,2,9,1,0,1,1,16,14,461,744,48,7,0,0,0,1,1,0,0,0
11,7,2,78,15,0,1,0,38,153,876,842,23,13,0,0,0,1,1,0,0,0
17,15,2,0,1,0,1,0,33,34,527,1546,26,1,0,0,0,1,1,0,0,0
11,14,1,128,13,0,1,0,38,34,488,554,33,1,0,0,0,1,1,0,0,0
17,11,2,97,22,1,1,1,25,44,497,350,42,5,0,0,1,1,1,0,0,0
9,10,2,105,16,0,1,0,27,84,93,25,25,0,1,0,0,0,0,0,0,0
10,7,1,0,1,1,1,0,30,59,413,366,22,1,1,1,1,1,0,0,0,0
9,13,2,25,5,0,1,0,23,13,534,337,20,0,0,0,0,0,1,0,0,0
16,8,1,77,6,0,1,0,32,25,464,502,39,13,0,0,0,1,1,0,0,0
11,14,2,73,15,0,1,0,29,78,481,1135,39,13,0,0,0,1,1,0,0,0
9,15,2,5,1,0,1,0,36,174,461,478,31,6,0,1,1,1,1,0,0,0
17,16,2,89,6,0,1,0,33,21,739,635,47,1,0,0,0,0,1,0,0,0
16,16,2,34,5,0,1,0,18,12,261,337,24,9,0,0,0,1,1,0,0,0
16,12,2,0,1,0,1,0,24,26,542,684,19,4,0,0,0,1,1,0,0,0
14,10,2,28,7,1,1,0,31,24,833,794,14,11,0,0,1,1,1,0,0,0
11,12,2,0,1,0,1,0,17,7,398,353,7,0,0,0,0,0,1,0,0,0
13,12,2,0,1,0,1,0,37,3,387,283,3,0,0,0,0,0,1,0,0,0
10,13,2,0,1,0,1,0,18,153,552,363,49,0,0,0,0,0,0,0,0,0
17,13,13,0,1,0,1,0,34,49,359,483,9,5,0,0,0,1,1,0,0,0
17,16,2,35,7,0,1,0,34,7,930,383,17,0,0,0,0,0,1,0,0,0
11,15,2,33,3,1,1,0,28,29,247,246,43,0,0,0,0,0,1,0,0,0
17,6,2,52,3,0,1,0,26,167,571,562,2,9,0,0,1,0,1,0,0,0
17,13,2,34,3,0,1,1,34,44,629,756,47,13,0,0,0,0,1,0,0,0
11,8,2,75,7,0,1,1,32,27,361,385,30,3,0,0,0,1,1,0,0,0
11,8,7,29,5,0,1,1,23,24,396,629,20,3,0,0,0,0,1,0,0,0
17,14,2,73,8,1,1,1,20,67,987,774,5,13,1,0,1,1,0,0,0,0
12,10,2,62,14,0,1,1,29,10,375,845,12,9,0,0,0,1,1,0,0,0
18,11,1,40,9,0,1,1,30,36,576,968,11,0,0,0,0,0,1,0,0,0
11,19,2,0,1,0,1,0,33,22,353,693,39,0,0,0,0,0,1,0,0,0
12,11,2,33,9,0,1,0,34,5,271,257,46,0,0,0,0,0,1,0,0,0
12,13,1,110,21,0,1,0,29,12,329,227,40,0,0,0,0,0,1,0,0,0
14,16,4,104,16,0,1,0,23,122,187000,1131,48,10,0,0,0,1,1,0,0,0
13,12,12,43,9,0,1,1,34,10,924,447,36,3,0,0,0,0,1,0,0,0
9,14,2,11,2,0,1,1,32,31,129,138,32,0,0,0,0,0,1,0,0,0
14,19,4,64,19,0,1,0,29,68,557,660,46,6,0,0,1,0,1,0,0,0
16,15,2,87,11,1,1,1,38,454,1285,1954,28,6,1,0,0,1,0,0,0,0
13,12,12,112,19,0,1,0,18,72,645,711,16,5,0,0,1,1,1,0,0,0
19,13,3,102,16,0,1,1,21,36,702,620,8,0,1,0,0,0,0,0,0,0
10,11,2,0,1,0,0,1,33,95,106,400,18,1,0,0,0,0,0,0,0,0
11,13,2,118,23,1,1,0,18,89,2317,1548,38,11,0,0,1,1,1,0,0,0
13,14,2,68,15,1,1,0,29,41,375,732,46,4,0,0,0,1,1,0,0,0
12,14,2,0,1,0,1,0,24,5,641,1333,44,1,0,0,0,1,1,0,0,0
13,8,2,0,1,0,1,0,21,15,627,656,19,6,0,0,0,1,1,0,0,0
15,11,2,23,4,0,1,1,19,11,880,533,28,6,0,0,1,0,1,0,0,0
10,14,2,0,1,0,1,1,18,51,662,712,36,6,0,0,0,1,1,0,0,0
11,9,2,1,1,1,1,1,24,24,667,494,41,4,0,1,1,1,0,0,0,0
15,12,2,136,14,0,1,1,39,16,234,174,28,0,0,0,0,0,1,0,0,0
10,12,2,50,6,0,1,1,24,5,464,603,15,10,0,0,0,1,1,0,0,0
10,11,2,102,13,0,1,1,26,127,616,1025,16,13,0,0,0,1,1,0,0,0
16,12,3,85,8,0,1,1,37,17,426,1012,32,0,0,0,0,0,0,0,0,0
9,12,2,28,5,0,1,0,30,55,334,317,19,4,0,0,0,1,1,0,0,0
13,13,2,0,1,0,1,0,29,28,484,592,39,6,0,0,0,1,1,0,0,0
12,10,2,18,2,0,1,1,18,21,309,333,31,1,0,0,0,1,1,0,0,0
13,16,2,70,13,0,1,0,27,14,370,524,50,0,0,0,0,0,1,0,0,0
17,17,1,105,14,1,1,0,40,33,401,1818,1,2,1,1,0,1,0,0,0,0
9,18,3,13,2,0,1,1,18,18,856,804,8,0,0,0,1,0,1,0,0,0
12,10,2,29,6,0,1,1,35,65,638,696,21,13,0,0,0,1,1,0,0,0
8,8,1,28,9,0,1,1,32,16,740,1109,39,4,0,0,1,0,1,0,0,0
10,10,2,36,6,1,1,0,16,63,879,1128,43,4,0,0,1,1,1,0,0,0
10,15,2,13,3,0,1,0,40,75,665,579,24,9,0,0,0,1,1,0,0,0
15,10,2,94,11,0,1,0,16,40,401,624,5,2,0,0,0,1,1,0,0,0
15,16,4,120,20,1,1,1,30,11,623,551,44,1,0,0,0,1,1,0,0,0
13,14,2,99,16,0,1,0,24,28,632,776,2,0,0,0,1,0,1,0,0,0
12,11,2,104,19,1,1,0,31,24,3500,998,0,6,1,1,1,1,0,0,0,0
8,13,2,0,1,0,1,0,30,24,537,351,19,1,0,0,0,1,1,0,0,0
12,10,10,106,18,0,1,0,21,396,907,2037,28,9,0,0,1,1,1,0,0,0
7,5,1,0,1,0,1,0,34,19,321,735,14,0,0,0,0,0,1,0,0,0
16,18,2,21,7,0,1,0,38,24,650,644,31,2,0,0,0,1,1,0,0,0
10,17,3,32,4,0,1,0,26,45,259,273,26,0,0,0,0,0,1,0,0,0
15,14,2,94,11,0,1,1,17,51,529,547,21,2,0,0,0,1,1,0,0,0
16,12,2,46,11,1,1,1,17,132,1865,1031,39,4,0,0,0,0,1,0,0,0
14,11,2,0,1,1,1,0,41,29,469,1272,26,5,0,0,0,1,1,0,0,0
21,17,3,98,16,1,1,1,24,171,5055,4815,34,10,1,0,1,1,0,0,0,0
14,10,2,1,1,0,1,1,18,5,307,344,32,0,0,0,0,0,1,0,0,0
13,20,4,81,23,0,1,1,18,74,580,554,2,8,0,1,0,1,1,0,0,0
11,10,3,67,12,0,1,1,28,54,555,445,36,0,0,0,1,0,1,0,0,0
14,17,2,138,13,0,1,0,20,44,1513,596,36,3,0,0,0,1,1,0,0,0
13,13,2,0,1,0,1,1,20,45,597,227,26,0,1,0,0,0,0,0,0,0
12,9,2,35,2,0,1,0,33,50,608,598,34,1,0,0,0,1,1,0,0,0
12,5,1,56,6,1,1,0,39,68,382,390,21,1,0,0,0,1,1,0,0,0
13,13,3,75,14,1,1,0,23,96,765,762,21,13,0,0,1,1,1,0,0,0
14,16,2,78,13,0,1,0,29,241,904,1096,19,7,0,0,0,1,1,0,0,0
10,9,2,77,17,0,1,0,30,141,2131,745,3,13,0,0,0,1,1,0,0,0
14,17,2,129,19,1,1,0,37,113,598,130,49,0,1,0,0,0,0,0,0,0
11,20,3,0,1,0,1,1,18,14,191,210,44,1,0,0,0,0,1,0,0,0
12,6,2,80,10,0,1,0,17,62,508,485,48,12,0,0,0,1,1,0,0,0
8,13,2,84,18,0,1,1,19,171,1142,1014,9,11,0,0,0,1,0,0,0,0
10,6,2,129,21,1,1,0,31,116,7384,7501,1,5,1,1,1,1,0,0,0,0
15,11,2,80,13,0,1,1,41,17,282,573,2,1,0,0,0,1,1,0,0,0
10,13,2,0,1,0,1,0,16,92,548,530,30,3,1,1,1,1,0,0,0,0
14,19,3,92,11,0,1,0,35,210,359,810,44,9,0,0,0,1,1,0,0,0
13,20,2,39,4,0,1,1,39,106,775,142,21,1,1,0,0,1,0,0,0,0
10,13,2,114,13,1,1,0,41,65,470,546,47,3,1,0,0,1,0,0,0,0
14,11,2,24,3,1,1,1,16,141,978,1055,0,8,0,1,1,1,0,0,0,0
14,13,2,0,1,0,1,0,18,74,487,1791,32,8,0,0,0,1,0,0,0,0
16,11,2,106,12,0,1,1,29,202,1284,1368,6,3,0,0,0,1,1,0,0,0
16,12,1,70,9,0,1,1,29,89,651,644,23,6,0,0,1,1,1,0,0,0
15,12,2,0,1,0,1,0,16,23,327,470,12,5,0,0,1,1,1,0,0,0
11,10,2,74,6,0,1,0,32,52,546,590,12,13,0,0,0,1,1,0,0,0
11,12,2,67,3,0,1,0,26,44,359,431,20,0,0,0,0,0,1,0,0,0
6,11,2,12,2,0,1,0,36,70,1842,977,35,2,1,1,1,1,0,0,0,0
11,16,2,29,6,1,1,0,32,322,963,538,14,13,0,0,0,1,1,0,0,0
8,11,3,17,5,0,1,0,32,22,273,405,29,2,0,0,0,0,1,0,0,0
13,10,2,0,1,0,1,1,18,18,329,527,16,12,0,0,0,1,1,0,0,0
13,8,1,82,14,1,1,1,41,6,294,327,39,0,0,0,0,0,1,0,0,0
12,5,1,19,3,0,1,0,39,12,273,272,34,0,0,0,0,0,1,0,0,0
13,7,1,14,3,1,1,0,34,3,288,253,1,1,0,0,0,1,1,0,0,0
7,10,2,0,1,0,1,0,17,0,237,460,45,0,0,0,0,0,1,0,0,0
11,5,1,55,7,1,1,0,36,128,591,817,37,11,0,1,0,1,1,0,0,0
8,13,2,0,1,0,1,1,32,41,358,984,16,1,0,0,0,1,1,0,0,0
15,13,1,42,4,0,1,0,34,3,417,450,17,2,0,0,0,1,1,0,0,0
14,12,2,0,1,0,1,1,41,12,270,304,42,8,0,0,0,1,1,0,0,0
10,5,1,0,1,0,1,1,19,22,414,159,21,2,0,0,1,1,0,0,0,0
20,24,6,110,24,0,1,0,19,21,407,1452,21,12,1,0,0,1,0,0,0,0
13,13,2,61,14,0,1,0,28,24,1036,373,10,0,0,0,1,0,1,0,0,0
10,16,2,29,4,0,1,0,25,38,480,336,0,4,0,0,0,0,1,0,0,0
13,13,2,18,5,0,1,0,19,46,257,641,45,10,0,0,0,1,1,0,0,0
10,11,3,5,1,0,1,0,27,55,617,664,40,8,0,0,0,1,1,0,0,0
16,13,2,40,9,1,1,1,16,35,805,1267,34,6,0,0,1,0,1,0,0,0
14,11,2,0,1,0,1,0,31,12,594,725,45,0,0,0,0,0,1,0,0,0
12,20,4,83,10,0,1,0,24,32,357,769,13,3,1,1,0,1,0,0,0,0
12,11,2,20,5,0,1,1,27,3,354,299,3,0,0,0,0,0,1,0,0,0
13,12,3,48,8,0,1,1,22,98,813,731,33,3,0,0,0,1,1,0,0,0
12,14,2,50,8,0,0,1,27,0,199,283,4,0,0,0,0,0,0,0,0,0
11,10,2,21,5,0,1,0,32,8,308,307,5,0,0,0,0,0,1,0,0,0
11,7,1,54,8,0,1,0,26,7,347,644,50,6,0,0,1,0,1,0,0,0
12,11,2,8,1,0,1,1,40,11,660,567,20,2,0,0,0,0,1,0,0,0
8,1,1,3,2,1,1,0,39,13,717,717,50,6,0,0,0,1,1,0,0,0
12,17,3,103,14,0,1,0,31,147,1896,1372,15,8,0,0,1,0,1,0,0,0
17,12,2,0,1,1,1,0,30,1,733,594,48,1,0,0,0,0,1,0,0,0
9,8,2,32,6,1,1,1,39,65,817,824,8,6,0,1,1,0,0,0,0,0
11,6,1,77,15,0,1,1,25,166,200,386,38,7,0,0,0,1,1,0,0,0
15,11,2,0,1,0,1,0,34,0,755,1737,27,0,0,0,0,0,0,0,0,0
11,11,2,19,2,0,1,1,39,34,470,467,36,0,0,0,0,0,1,0,0,0
15,14,2,47,12,0,1,1,28,40,821,1001,21,2,0,0,1,1,1,0,0,0
17,22,6,105,19,0,1,0,34,115,1347,1189,11,13,1,1,1,1,0,0,0,0
13,17,2,20,5,0,1,0,41,71,405,582,8,1,0,0,0,0,1,0,0,0
12,14,2,128,21,0,1,0,20,54,467,531,35,8,0,0,1,1,1,0,0,0
16,28,3,7,2,1,1,1,25,51,833,458,37,13,0,0,0,1,1,0,0,0
10,14,2,61,10,0,1,0,19,159,1269,775,14,6,1,0,0,1,0,0,0,0
10,10,2,112,13,1,1,0,38,577,1470,1516,50,13,1,1,1,1,0,0,0,0
13,11,11,134,14,0,1,0,35,84,604,509,6,4,0,1,0,1,1,0,0,0
10,10,10,92,7,0,1,0,36,133,560,191,45,8,0,1,1,1,0,0,0,0
11,0,1,10,2,0,1,0,40,101,597,596,27,0,0,0,0,1,1,0,0,0
14,12,1,37,10,0,1,0,37,23,845,805,17,3,0,0,0,1,1,0,0,0
18,16,3,53,9,1,1,0,26,71,721,293,31,5,1,1,1,1,0,0,0,0
9,12,2,0,1,0,1,1,30,3,144,184,10,0,0,0,0,0,1,0,0,0
12,11,2,16,4,0,1,0,25,29,530,448,11,3,0,0,0,0,1,0,0,0
15,12,2,48,7,1,1,1,17,79,765,378,12,13,1,0,1,1,0,0,0,0
14,15,2,124,19,0,1,0,40,76,401,689,31,8,0,0,0,1,1,0,0,0
12,9,1,94,6,1,1,0,34,162,1570,1706,47,13,1,1,0,1,0,0,0,0
22,17,3,130,21,1,1,0,19,3,280,429,30,1,0,0,1,1,1,0,0,0
10,10,2,52,4,0,1,1,22,4,471,313,13,0,0,0,0,0,1,0,0,0
10,5,5,70,14,0,1,1,18,22,369,431,16,1,0,0,0,1,1,0,0,0
10,15,3,45,10,0,1,1,16,41,572,841,20,4,0,0,0,1,1,0,0,0
13,10,1,58,3,0,1,0,26,82,419,569,13,0,0,0,0,0,1,0,0,0
12,9,2,122,8,0,1,1,25,95,757,518,26,0,0,0,0,0,1,0,0,0
8,8,3,1,1,0,1,0,24,31,217,420,17,3,0,0,0,1,1,0,0,0
15,13,2,76,11,0,1,0,25,6,293,244,38,0,0,0,0,0,1,0,0,0
15,12,2,36,6,1,1,1,30,548,1765,899,17,4,1,0,1,1,0,0,0,0
13,10,2,81,15,0,1,1,25,30,655,597,11,1,0,0,0,1,1,0,0,0
12,10,2,0,1,0,1,1,24,0,290,331,16,0,0,0,0,0,1,0,0,0
14,12,2,95,19,0,1,0,26,95,1332,1455,35,1,0,0,0,1,1,0,0,0
9,10,10,30,8,0,1,0,25,80,409,413,37,12,0,0,0,0,1,0,0,0
13,11,1,0,1,0,1,0,39,49,508,362,12,1,0,0,0,1,1,0,0,0
13,13,13,43,9,0,1,0,28,17,987,604,7,4,0,1,1,1,1,0,0,0
14,12,2,75,12,0,1,0,31,44,506,617,25,0,0,0,1,0,1,0,0,0
7,0,1,45,11,0,1,1,22,5,263,379,34,2,0,0,1,0,1,0,0,0
11,8,1,14,1,0,1,0,32,3,308,372,50,0,0,0,1,0,0,0,0,0
11,9,2,94,14,0,1,0,10,27,274,483,6,0,0,0,1,0,1,0,0,0
12,5,1,132,18,1,1,1,0,32,341,870,46,11,0,0,1,1,0,0,0,0
8,7,1,21,4,0,1,0,3,62,1355,1027,3,11,0,0,1,1,1,0,0,0
9,1,1,0,1,0,1,0,13,0,515,507,15,0,0,0,1,1,1,0,0,0
17,0,1,0,1,0,1,0,2,189,509,668,23,2,0,0,1,1,1,0,0,0
11,5,1,85,15,0,1,0,8,46,489,437,43,2,0,0,1,1,1,0,0,0
15,11,1,130,21,0,1,1,5,7,245,220,32,0,0,0,1,0,1,0,0,0
11,11,2,27,4,0,1,1,7,33,705,705,33,4,0,0,1,1,1,0,0,0
12,12,2,93,20,0,1,0,14,34,567,525,25,1,0,0,1,1,1,0,0,0
19,17,3,115,14,1,1,1,6,78,611,3071,21,0,1,0,1,0,0,0,0,0
13,11,2,122,13,1,1,0,12,13,268,1761,20,12,0,0,1,1,1,0,0,0
11,10,2,12,1,0,1,0,18,18,4038,353,38,0,0,0,1,0,1,0,0,0
15,15,2,0,1,0,1,0,18,18,284,267,12,1,0,0,1,0,1,0,0,0
17,16,2,109,11,0,1,0,8,22,420,490,42,5,0,0,1,1,1,0,0,0
10,6,1,105,18,0,1,0,3,30,237,245,38,3,0,0,1,1,1,0,0,0
15,5,1,41,9,0,1,0,10,35,679,645,12,5,0,0,1,1,1,0,0,0
18,18,3,97,21,1,1,1,24,49,292,346,21,11,0,0,1,1,1,0,0,0
15,6,1,43,2,0,1,0,17,76,419,610,8,10,0,0,1,1,1,0,0,0
14,18,2,97,18,0,1,1,24,123,964,857,43,10,0,1,1,1,0,0,0,0
13,10,1,0,1,0,1,1,3,18,589,1249,1,2,0,0,1,1,1,0,0,0
9,12,3,74,18,1,1,0,24,46,709,707,33,4,0,0,1,1,1,0,0,0
9,13,3,70,6,0,1,0,17,40,525,260,24,12,0,0,1,1,1,0,0,0
12,8,7,20,5,0,1,1,36,9,265,283,8,3,0,0,1,1,1,0,0,0
12,11,2,29,7,0,1,1,30,31,957,756,19,11,0,0,1,0,1,0,0,0
8,18,3,96,10,0,1,0,34,281,907,1448,34,7,1,1,1,1,0,0,0,0
9,5,1,0,1,0,1,0,10,66,377,413,20,4,0,0,1,1,1,0,0,0
19,9,2,123,15,1,1,0,41,96,688,698,6,12,1,0,1,1,0,0,0,0
13,11,2,13,1,0,1,0,13,80,587,1592,10,3,0,0,1,1,1,0,0,0
15,9,1,76,21,0,1,0,7,50,599,607,35,8,0,0,1,1,1,0,0,0
14,10,2,16,3,0,1,1,29,28,251,300,21,4,0,0,1,0,1,0,0,0
13,11,2,26,3,0,1,0,17,19,493,377,5,0,0,0,1,0,1,0,0,0
17,13,2,21,4,0,1,0,10,32,291,301,32,12,0,0,1,1,1,0,0,0
13,13,3,122,15,1,1,1,9,241,1715,1216,18,12,1,1,1,1,0,0,0,0
10,11,2,49,5,0,1,0,8,39,445,405,43,1,0,0,1,0,1,0,0,0
17,13,2,48,5,0,1,0,11,55,741,673,2,1,0,0,1,1,1,0,0,0
11,8,2,42,8,0,1,1,13,76,600,773,34,0,0,0,1,0,1,0,0,0
14,15,1,38,6,0,1,0,17,41,613,895,36,2,0,0,1,1,0,0,0,0
16,14,2,0,1,0,1,0,2,17,683,438,0,5,0,0,1,1,1,0,0,0
14,11,2,49,12,0,1,0,12,0,212,1092,34,9,0,0,1,0,0,0,0,0
8,12,2,0,1,0,1,0,35,82,1078,737,40,6,0,0,1,1,1,0,0,0
9,11,2,0,1,0,1,1,39,11,175,331,42,0,0,0,1,0,1,0,0,0
11,6,1,13,2,0,1,1,36,266,562,879,43,5,0,0,1,1,1,0,0,0
12,12,12,0,1,0,1,1,11,74,814,652,25,3,0,0,1,1,1,0,0,0
11,13,12,114,14,0,1,1,6,186,1715,934,33,12,1,0,1,1,0,0,0,0
11,10,2,45,11,0,1,0,5,51,556,480,4,1,0,0,1,0,1,0,0,0
14,16,2,56,13,0,1,0,14,189,1376,1068,15,2,1,0,1,1,0,0,0,0
12,13,2,0,1,0,1,1,23,15,435,766,2,1,0,0,1,1,1,0,0,0
13,12,2,30,6,0,1,0,10,8,1118,791,42,3,0,0,1,0,1,0,0,0
12,12,2,0,1,1,1,1,19,27,291,488,34,5,0,0,1,1,1,0,0,0
10,9,9,111,33,1,1,1,10,112,1514,825,22,0,0,0,1,0,0,0,0,0
12,7,2,56,10,0,1,1,8,227,884,838,25,11,0,1,1,1,1,0,0,0
13,6,1,0,1,0,1,0,1,23,384,414,44,0,0,0,1,0,1,0,0,0
6,12,2,32,3,0,1,1,12,29,241,665,49,6,0,0,1,1,1,0,0,0
13,19,2,36,3,0,1,1,27,123,642,410,48,0,0,0,1,0,1,0,0,0
10,9,1,0,1,0,1,1,5,15,98,126,34,2,0,0,1,0,0,0,0,0
18,14,3,86,9,0,1,1,6,189,507,198,40,2,1,0,1,1,0,0,0,0
13,19,2,98,9,0,1,0,1,86,904,267,31,6,1,1,1,1,0,0,0,0
12,10,1,116,24,0,1,1,34,86,889,1462,36,11,0,1,1,1,1,0,0,0
15,12,2,46,7,1,1,0,17,6,454,469,21,0,0,0,1,0,0,0,0,0
16,13,2,35,6,0,1,0,37,7,221,516,0,0,0,0,1,0,1,0,0,0
17,12,2,122,17,1,1,0,3,228,13200,345,10,12,1,1,1,1,0,0,0,0
10,14,3,54,8,0,1,0,5,43,1960,796,18,6,0,0,1,1,0,0,0,0
14,14,2,16,3,0,1,1,9,1,291,3014,35,0,0,0,1,0,1,0,0,0
13,13,2,57,12,1,1,1,16,78,344,149,28,10,1,1,1,1,0,0,0,0
10,14,2,11,1,0,1,1,27,0,31,111,31,0,0,0,1,0,1,0,0,0
12,5,5,2,1,0,1,1,11,39,580,563,21,0,0,0,1,0,1,0,0,0
14,13,2,50,6,0,1,1,36,32,1408,1029,11,7,0,0,1,1,1,0,0,0
19,0,1,0,1,0,1,0,6,0,1,3,1,0,0,0,1,0,1,0,0,0
11,7,1,41,8,0,1,1,6,21,28,33,28,0,0,1,1,0,1,0,0,0
15,0,1,29,4,0,1,1,2,36,1177,1853,4,0,0,0,1,0,0,0,0,0
11,5,1,75,12,0,1,1,10,429,336,1441,33,12,0,1,1,1,1,0,0,0
12,12,2,109,15,1,1,1,3,356,8963,6879,49,6,0,0,1,1,0,0,0,0
11,8,1,15,3,0,1,1,14,40,877,874,11,10,0,0,1,1,1,0,0,0
11,0,1,32,7,0,1,0,41,15,344,166,2,1,0,0,1,1,0,0,0,0
8,13,2,132,12,0,1,1,5,195,654,360,10,1,1,1,1,1,0,0,0,0
8,13,2,36,10,0,1,1,35,129,573,286,27,3,0,1,1,1,0,0,0,0
22,8,1,9,2,1,1,0,17,584,628,556,21,12,1,1,1,1,0,0,0,0
13,13,2,108,22,1,1,0,13,587,913,599,36,12,0,1,1,0,1,0,0,0
10,12,2,54,6,0,1,0,1,9,786,1823,26,1,0,0,1,1,1,0,0,0
12,13,2,62,6,0,1,1,10,82,814,453,27,4,1,0,1,1,0,0,0,0
12,5,1,87,8,0,1,1,4,470,332,1820,20,9,0,1,1,1,1,0,0,0
12,12,2,13,2,0,1,1,7,26,293,367,22,0,0,0,1,0,1,0,0,0
12,12,2,96,17,1,1,0,10,109,2513,1068,10,12,0,1,1,1,1,0,0,0
9,10,2,0,1,0,1,1,1,2,111,154,50,0,0,0,0,0,1,0,0,0
7,14,3,131,18,0,1,0,2,165,8226,699,49,12,1,1,1,1,0,0,0,0
6,4,1,3,1,0,1,0,7,6,213,373,46,6,0,0,1,1,0,0,0,0
16,7,2,125,23,1,1,1,7,194,2763,6539,43,6,1,0,1,1,0,0,0,0
10,11,2,42,4,0,1,0,6,258,1207,891,20,12,0,0,1,1,1,0,0,0
9,10,2,59,14,1,1,0,18,111,2559,2226,11,12,1,0,1,0,0,0,0,0
13,12,2,0,1,0,1,0,3,72,1382,475,11,9,0,1,1,1,0,0,0,0
15,14,2,84,17,0,1,1,10,126,1815,5074,37,12,0,0,1,1,1,0,0,0
19,13,2,0,1,0,1,0,4,124,1159,566,25,4,0,0,1,0,1,0,0,0
9,14,2,44,10,0,1,1,3,29,372,1118,23,6,0,0,1,1,1,0,0,0
12,10,2,45,4,0,1,0,5,69,779,912,48,12,0,1,1,1,1,0,0,0
23,17,2,135,10,0,1,0,7,416,1680,4972,23,12,1,1,1,1,0,0,0,0
8,7,2,118,18,1,1,1,34,2194,3472,6330,38,8,0,1,1,1,1,0,0,0
11,7,1,31,8,0,1,1,3,38,1019,961,27,4,0,1,1,1,0,0,0,0
9,0,1,81,19,0,1,1,35,28,1603,948,8,5,0,0,1,1,1,0,0,0
11,9,5,34,5,0,1,1,7,58,1350,826,42,7,1,1,1,1,0,0,0,0
15,13,2,96,19,0,1,0,9,84,571,489,17,9,1,1,1,1,0,0,0,0
17,11,2,86,8,1,1,1,26,64,253,955,37,1,1,1,1,1,0,0,0,0
18,16,3,112,13,0,1,1,28,31873,1700000,0,0,0,0,1,1,0,0,0,0,0
13,10,2,73,4,1,1,0,23,17,587,679,12,12,0,1,1,1,1,0,0,0
13,5,2,52,12,0,1,1,2,104,562,560,10,2,0,0,1,0,1,0,0,0
10,0,1,33,7,0,1,0,2,12,45,45,45,2,0,0,1,0,1,0,0,0
12,0,1,91,17,0,1,1,39,235,1376,1525,2,7,0,0,1,1,1,0,0,0
9,6,1,60,13,0,1,0,0,0,187,418,20,9,0,0,1,1,1,0,0,0
18,8,7,116,23,1,1,0,34,269,1161,739,43,1,1,1,1,1,0,0,0,0
15,5,1,21,3,1,1,0,11,58,612,468,19,1,0,0,1,1,0,0,0,0
13,11,2,68,12,0,1,1,17,123,244,223,43,12,0,1,1,0,1,0,0,0
13,9,1,0,1,0,1,0,1,18,211,265,44,0,0,0,1,0,1,0,0,0
12,10,2,54,10,1,1,0,18,121,1918,869,50,12,1,1,1,1,0,0,0,0
13,5,5,4,1,0,1,0,10,3,544,532,11,2,0,0,1,1,1,0,0,0
8,12,3,18,2,0,1,1,9,248,954,370,35,0,1,0,1,0,0,0,0,0
7,4,2,33,6,0,1,1,12,4,407,611,4,0,0,0,1,0,1,0,0,0
12,16,2,117,9,1,1,0,19,71,343,894,2,8,1,1,1,1,0,0,0,0
13,12,2,17,3,0,1,0,2,29,1183,1304,27,12,0,1,1,1,1,0,0,0
15,10,2,37,11,0,1,1,12,22,401,164,35,1,0,0,1,1,0,0,0,0
11,14,2,2,1,0,1,1,10,12,742,573,38,2,0,0,1,1,1,0,0,0
9,10,2,28,2,0,1,1,29,46,560,354,10,0,0,0,1,0,1,0,0,0
10,7,1,119,22,0,1,1,1,26,446,718,44,2,1,0,1,1,0,0,0,0
15,11,2,92,20,1,1,1,0,120,1461,1305,16,2,1,1,1,1,0,0,0,0
9,25,5,16,3,1,1,1,15,116,1181,350,31,1,1,0,1,1,0,0,0,0
15,12,3,100,14,0,1,1,13,70,501,1087,42,5,1,1,1,1,0,0,0,0
8,21,7,127,23,0,1,0,8,81,950,465,35,8,0,1,1,1,0,0,0,0
20,11,2,30,4,1,1,1,15,256,5615,5522,47,5,1,1,1,1,0,0,0,0
12,0,1,20,5,0,1,1,31,22,325,414,20,2,0,0,1,1,1,0,0,0
14,11,11,0,1,0,1,1,12,111,548,131,15,12,0,0,1,1,1,0,0,0
7,10,3,45,9,0,1,1,2,150,1462,686,27,3,0,0,1,0,1,0,0,0
17,14,2,95,17,0,1,0,26,7,118,132,22,4,0,0,1,1,1,0,0,0
13,12,2,83,9,0,1,0,9,15,273,243,7,4,0,0,1,1,1,0,0,0
15,5,1,72,5,1,1,0,20,187,565,254,0,8,0,1,1,1,0,0,0,0
12,12,2,119,21,1,1,1,6,111,1388,946,43,7,0,1,1,1,0,0,0,0
16,15,2,0,1,1,1,0,36,26,582,706,41,6,0,1,1,1,1,0,0,0
15,14,2,119,18,1,1,0,22,48,1663,625,16,1,0,1,1,1,0,0,0,0
8,7,2,32,2,0,1,1,5,87,135,128,48,7,0,1,1,1,1,0,0,0
12,0,1,57,16,0,1,0,11,237,1477,1046,6,4,0,1,1,1,1,0,0,0
15,12,2,88,14,0,1,1,31,77,830,489,17,3,0,1,1,1,1,0,0,0
8,8,2,9,1,0,1,0,29,3,917,592,38,0,0,0,1,0,1,0,0,0
13,8,8,42,7,0,1,1,39,61,5773,3627,44,12,1,0,1,1,0,0,0,0
12,9,2,35,2,1,1,1,15,87,1379,678,31,0,0,0,1,0,1,0,0,0
12,12,2,44,8,0,1,0,33,124,1564,565,31,9,0,0,1,1,1,0,0,0
15,13,2,80,7,1,1,1,6,37,1252,3434,32,12,1,0,1,1,0,0,0,0
12,14,2,0,1,0,1,0,14,21,25,170,25,0,0,0,1,0,1,0,0,0
10,11,2,119,17,1,1,1,40,172,1657,2394,10,8,0,0,1,1,0,0,0,0
8,7,1,32,3,0,1,1,26,0,260,323,16,0,0,0,1,0,1,0,0,0
10,9,2,70,17,0,1,1,14,153,3858,3342,6,11,1,0,1,1,0,0,0,0
9,0,1,8,1,0,1,1,8,28,357,369,3,0,0,0,1,0,1,0,0,0
10,4,1,39,6,0,1,1,11,20,1851,878,29,7,0,0,1,1,1,0,0,0
12,11,2,129,22,1,1,1,2,419,5815,2819,22,12,1,1,1,1,0,0,0,0
12,12,2,33,5,1,1,1,4,61,698,1004,47,12,0,1,1,1,1,0,0,0
7,10,2,111,12,1,1,1,30,168,1335,1902,3,2,1,0,1,1,0,0,0,0
13,9,2,49,6,1,1,1,17,325,2695,473,26,12,0,0,1,1,0,0,0,0
9,12,2,27,3,0,1,0,26,384,3528,1875,18,7,1,1,1,1,0,0,0,0
17,12,11,59,7,0,1,0,1,162,654,315,28,12,0,0,1,1,1,0,0,0
13,11,2,33,4,0,1,0,39,143,1956,1761,24,12,1,1,1,1,0,0,0,0
12,13,2,130,21,1,1,0,38,133,302,292,4,8,0,0,1,1,0,0,0,0
14,11,2,37,7,0,1,0,8,217,1152,630,9,4,1,1,1,1,0,0,0,0
20,19,3,136,14,0,1,0,39,223,1603,1369,15,12,1,1,1,1,0,0,0,0
10,11,2,14,3,0,1,1,28,68,376,1075,29,4,0,0,1,1,1,0,0,0
12,11,2,22,2,0,1,1,17,64,131,268,34,4,0,0,1,1,1,0,0,0
16,13,1,41,3,0,1,1,16,52,317,383,22,0,0,1,1,0,1,0,0,0
12,10,2,23,5,1,1,0,33,110,1337,542,12,12,1,1,1,1,0,0,0,0
8,8,1,74,6,0,1,1,14,15,214,147,0,12,0,0,1,1,0,0,0,0
16,13,2,22,2,0,1,0,31,50,279,354,49,0,0,0,1,0,0,0,0,0
8,12,3,43,13,0,1,0,13,69,1742,1541,4,12,0,0,1,1,0,0,0,0
16,14,3,0,1,1,1,1,6,60,637,768,6,12,0,0,1,1,1,0,0,0
17,13,2,49,11,1,1,1,2,217,410,413,1,12,0,0,1,1,1,0,0,0
13,12,2,42,7,0,1,0,8,169,1765,1455,28,5,1,1,1,1,0,0,0,0
10,11,2,39,2,0,1,0,29,3,826,601,23,1,0,0,1,1,1,0,0,0
11,8,2,91,22,1,1,1,10,918,36000,634,8,9,0,1,1,0,0,0,0,0
16,22,7,85,19,1,1,0,27,489,10800,4895,24,6,1,0,1,1,0,0,0,0
14,14,2,24,6,0,1,1,26,364,1668,1881,33,0,0,0,1,0,0,0,0,0
12,11,2,38,5,0,1,0,11,46,727,554,22,12,0,0,1,1,1,0,0,0
15,21,3,90,14,1,1,0,5,16,1828,933,33,1,1,1,1,1,0,0,0,0
12,0,1,21,4,0,1,0,41,235,242,395,3,0,0,1,1,0,1,0,0,0
9,12,3,90,12,1,1,0,8,74,197,111,41,3,1,0,1,1,0,0,0,0
7,5,1,56,8,0,1,1,10,211,187,526,19,3,0,0,1,0,1,0,0,0
10,9,2,87,8,1,1,0,9,1110,15300,1217,0,6,0,1,1,1,0,0,0,0
12,21,4,138,8,1,1,1,10,182,2955,2611,31,6,1,0,1,1,0,0,0,0
7,22,3,19,2,0,1,0,8,0,4557,2309,20,8,1,0,1,0,0,0,0,0
9,9,3,125,15,1,1,0,7,50,2004,975,2,5,0,0,1,1,1,0,0,0
8,12,2,12,1,0,1,0,25,10,982,760,13,0,0,0,1,0,1,0,0,0
16,9,3,77,13,1,1,0,34,176,369,1474,13,12,0,1,1,1,1,0,0,0
12,6,1,0,1,0,1,0,12,73,811,1175,36,7,1,0,1,1,0,0,0,0
15,14,3,26,4,0,1,1,5,692,5137,3589,10,12,1,1,1,1,0,0,0,0
15,14,2,63,9,1,1,1,41,472,1389,1207,35,2,1,1,1,1,0,0,0,0
17,13,2,16,3,0,1,0,5,20,765,738,13,1,0,0,1,1,1,0,0,0
12,10,2,75,11,0,1,1,37,65,343,299,24,6,0,0,1,1,1,0,0,0
13,9,2,12,2,0,1,1,10,29,868,904,7,3,0,0,1,1,1,0,0,0
15,14,2,105,23,1,1,0,35,752,661,3879,1,0,1,0,1,0,0,0,0,0
13,11,3,125,13,0,1,0,32,513,845,690,33,12,0,1,1,1,1,0,0,0
10,12,1,0,1,0,1,0,3,24,444,461,39,4,0,0,1,1,1,0,0,0
12,11,2,28,8,0,1,1,3,53,356,385,34,12,0,0,1,1,1,0,0,0
8,6,1,54,8,1,1,0,11,99,707,2397,42,1,0,0,1,1,0,0,0,0
7,27,4,61,9,1,1,0,13,1211,2253,267,36,12,1,1,1,1,0,0,0,0
12,11,3,98,7,1,1,0,26,968,10500,7258,27,12,1,1,1,1,0,0,0,0
15,12,1,99,15,1,1,0,41,42,1526,1141,43,7,0,0,1,1,1,0,0,0
14,11,2,14,3,1,1,1,7,31,554,694,4,2,1,1,1,1,0,0,0,0
12,0,1,0,1,0,1,1,3,148,899,682,28,9,0,0,1,1,1,0,0,0
19,11,2,132,7,1,1,0,14,3,736,804,42,12,1,1,1,1,0,0,0,0
8,10,2,124,19,1,1,0,1,43,579,379,28,4,0,0,1,1,0,0,0,0
9,13,3,21,7,0,1,1,9,142,1760,232,43,10,0,0,1,1,0,0,0,0
9,12,2,66,19,0,1,1,23,290,341,162,37,3,0,0,1,1,0,0,0,0
14,0,1,7,2,0,1,1,17,10,367,667,23,0,0,0,1,0,1,0,0,0
13,12,2,59,5,0,1,0,4,32,502,464,18,3,0,0,1,1,1,0,0,0
11,10,2,125,23,1,1,1,15,28,549,565,18,0,0,0,1,0,1,0,0,0
14,15,2,96,22,1,1,0,4,400,1964,663,5,8,1,0,1,1,0,0,0,0
8,14,2,32,5,1,1,1,11,7,693,907,8,7,0,0,1,1,1,0,0,0
9,4,1,28,4,0,1,1,6,217,6093,4932,43,12,0,0,1,1,1,0,0,0
13,14,2,1,1,0,1,1,4,98,469,441,35,3,1,0,1,1,0,0,0,0
12,4,1,19,4,0,1,0,2,6,630,329,13,7,0,0,1,0,1,0,0,0
11,8,2,0,1,0,1,1,14,25,355,616,25,1,0,0,1,1,0,0,0,0
9,12,2,84,16,1,1,1,10,40,1063,604,35,7,1,0,1,1,0,0,0,0
18,16,2,41,7,1,1,0,10,239,892,1262,44,1,0,0,1,1,0,0,0,0
13,11,2,16,1,0,1,0,11,101,54,143,13,0,0,0,1,0,0,0,0,0
15,12,2,10,1,0,1,0,10,125,728,460,4,0,0,0,1,0,0,0,0,0
12,11,2,59,9,0,1,1,12,72,869,1049,41,3,0,0,1,1,0,0,0,0
16,13,2,0,1,0,1,0,15,238,784,354,42,10,0,0,1,1,1,0,0,0
12,21,4,130,20,1,1,1,6,57,993,667,27,12,1,0,1,1,0,0,0,0
13,6,1,31,8,0,1,0,1,59,401,828,19,2,0,0,1,1,1,0,0,0
11,10,2,119,9,0,1,0,13,17,2365,1210,45,7,1,1,1,1,0,0,0,0
10,0,1,15,3,0,1,0,12,32,852,951,32,12,1,0,1,1,0,0,0,0
11,12,3,51,9,0,1,0,8,144,663,595,6,8,0,0,1,0,1,0,0,0
14,14,3,80,10,1,1,1,10,414,1223,528,13,12,0,1,1,1,0,0,0,0
10,9,2,122,22,1,1,1,26,391,1043,707,34,12,1,1,1,0,0,0,0,0
12,9,2,141,10,1,1,1,8,156,2628,1515,18,12,1,1,1,0,0,0,0,0
11,11,2,46,7,1,1,0,17,306,1617,1041,21,4,1,1,1,1,0,0,0,0
10,11,1,9,2,1,1,0,3,135,2640,309,30,12,1,0,1,1,0,0,0,0
14,14,3,65,14,0,1,0,9,20,234,406,34,0,0,0,1,0,0,0,0,0
8,10,2,0,1,0,1,1,4,6,324,1213,0,0,0,0,1,0,1,0,0,0
12,9,2,14,1,0,1,1,11,198,923,884,36,7,0,0,1,1,1,0,0,0
13,11,2,47,3,0,1,1,18,28,1052,658,47,4,0,0,1,1,1,0,0,0
20,15,3,132,17,1,1,1,22,127,2052,397,24,12,0,0,1,1,0,0,0,0
7,7,1,83,13,1,1,0,18,61,142,431,15,5,0,0,1,0,1,0,0,0
11,13,4,108,16,0,1,0,3,69,663,840,47,12,0,0,1,1,1,0,0,0
12,11,2,132,14,1,1,1,13,338,2952,978,5,12,1,1,1,1,0,0,0,0
13,13,3,35,4,0,1,0,8,36,618,1044,1,6,0,0,1,0,1,0,0,0
18,19,4,59,13,0,1,1,33,41,837,1685,4,6,0,1,1,1,1,0,0,0
12,12,2,15,2,0,1,1,8,35,945,772,29,11,0,0,1,0,1,0,0,0
12,6,1,35,5,0,1,1,17,43,930,1138,3,4,0,0,1,1,1,0,0,0
11,5,1,30,2,1,1,1,25,354,2043,1181,50,1,0,1,1,1,0,0,0,0
17,16,2,59,5,0,1,0,38,20,555,953,8,11,0,1,1,1,1,0,0,0
12,13,1,123,8,1,1,0,10,211,1882,1840,29,12,0,0,1,1,0,0,0,0
10,10,2,68,6,0,1,1,27,425,688,1585,39,12,0,0,1,1,0,0,0,0
13,15,2,112,14,1,1,0,0,127,3333,442,50,4,1,0,1,1,0,0,0,0
20,9,2,53,1,0,1,0,1,15,963,307,28,1,0,0,1,1,1,0,0,0
6,6,1,15,1,0,1,0,18,37,213,229,26,3,0,0,1,1,1,0,0,0
12,10,2,18,1,0,1,0,5,0,236,502,28,0,0,0,1,0,1,0,0,0
11,10,3,124,20,1,1,1,24,193,1458,2678,22,8,0,0,1,1,0,0,0,0
9,9,1,53,10,0,1,0,17,35,302,426,21,10,0,1,1,0,1,0,0,0
12,7,2,25,3,0,1,0,14,133,889,838,4,5,1,0,1,1,0,0,0,0
16,15,2,25,2,0,1,0,1,63,808,332,41,4,0,0,1,1,1,0,0,0
20,19,3,130,11,0,1,1,0,402,1027,1410,11,5,0,1,1,1,0,0,0,0
8,5,1,50,7,1,1,1,4,1375,5788,5593,24,0,0,0,1,0,0,0,0,0
15,15,2,103,24,1,1,1,28,74,831,301,14,0,0,0,1,0,0,0,0,0
14,12,2,38,7,0,1,0,14,64,559,218,4,0,1,1,1,0,0,0,0,0
15,11,2,0,1,0,1,1,29,653,2964,75,30,2,1,0,1,1,0,0,0,0
9,10,2,114,19,0,1,0,38,306,6410,1115,25,12,0,0,1,1,1,0,0,0
6,11,2,32,7,1,1,0,15,404,1655,513,19,4,0,0,1,1,0,0,0,0
14,5,1,114,20,0,1,0,10,834,1796,1341,29,12,0,1,1,1,0,0,0,0
12,14,2,46,4,0,1,0,10,261,2071,336,43,4,0,0,1,1,0,0,0,0
12,4,2,68,16,1,1,1,24,250,5225,4212,29,8,1,0,1,1,0,0,0,0
8,11,2,42,7,0,1,1,10,271,595,345,37,5,1,0,1,1,0,0,0,0
10,7,2,12,2,0,1,1,16,156,854,340,30,6,1,0,1,1,0,0,0,0
12,10,2,51,4,0,1,0,12,22,145,120,18,0,0,0,1,0,1,0,0,0
14,9,2,131,20,1,1,0,14,275,1978,1127,29,5,1,0,1,1,0,0,0,0
13,13,2,24,6,0,1,0,15,1,1296,1969,42,6,0,0,1,0,1,0,0,0
15,10,2,24,4,0,1,1,3,41,294,556,46,2,0,0,1,1,1,0,0,0
13,5,1,28,4,0,1,0,15,23,341,583,35,4,0,0,1,0,1,0,0,0
10,12,2,129,18,0,1,0,17,1008,4333,5667,14,8,0,1,1,1,0,0,0,0
18,16,3,62,13,0,1,1,0,320,551,541,29,12,0,0,1,1,1,0,0,0
14,17,3,124,21,1,1,1,11,278,13100,945,19,11,1,0,1,0,0,0,0,0
13,9,2,59,10,1,1,0,15,229,974,537,32,12,1,1,1,1,0,0,0,0
11,10,4,40,4,0,1,1,30,54,3391,2876,23,0,0,0,1,0,1,0,0,0
15,0,1,19,4,0,1,0,35,587,1828,64,41,0,0,0,1,0,0,0,0,0
9,0,1,90,16,0,1,1,7,212,4324,3245,5,0,1,0,1,0,0,0,0,0
14,13,2,101,8,1,1,1,34,209,1199,242,43,1,1,0,1,1,0,0,0,0
10,0,1,0,1,0,1,0,18,28,390,629,46,10,0,0,1,0,1,0,0,0
12,12,2,96,26,1,1,1,19,210,637,752,37,0,1,0,1,0,0,0,0,0
11,6,2,52,13,0,1,1,27,181,2883,1953,5,5,1,1,1,1,0,0,0,0
17,14,2,72,7,0,1,0,33,0,2478,395,6,0,0,0,1,0,0,0,0,0
14,11,2,0,1,0,1,0,6,47,566,1210,43,1,0,0,1,0,1,0,0,0
11,16,2,89,18,1,1,1,7,312,3452,1621,10,7,1,1,1,1,0,0,0,0
17,14,2,29,4,0,1,0,20,776,3264,2460,21,1,0,0,1,1,0,0,0,0
10,21,3,70,11,0,1,0,10,132,298,448,24,0,0,0,1,1,1,0,0,0
10,6,1,127,19,1,1,1,34,360,3810,1027,44,14,1,1,1,1,1,0,0,0
15,6,1,32,6,0,1,1,31,97,642,104,10,6,0,0,1,1,1,0,0,0
10,7,1,28,4,1,1,1,17,144,583,563,44,3,0,0,1,1,0,0,0,0
13,6,2,68,13,0,1,1,5,142,1216,884,49,4,0,1,1,1,1,0,0,0
11,9,2,133,16,1,1,0,20,411,956,456,46,12,1,1,1,1,0,0,0,0
11,10,2,88,17,1,1,0,14,302,768,453,8,2,0,1,1,1,0,0,0,0
11,11,2,115,15,1,1,0,12,56,942,816,6,1,0,0,1,1,0,0,0,0
17,17,3,8,2,0,1,0,14,2,156,53,26,0,0,0,1,0,0,0,0,0
22,6,1,41,8,1,1,0,41,112,23200,5565,11,12,1,1,1,1,0,0,0,0
16,14,3,108,13,1,1,1,24,63,570,545,21,11,0,0,1,1,1,0,0,0
13,13,3,63,12,0,1,0,14,69,255,151,50,0,1,0,1,0,0,0,0,0
15,15,4,52,10,1,1,1,30,221,1368,792,48,11,1,1,1,1,0,0,0,0
8,7,1,51,9,0,1,0,8,50,203,229,14,7,0,1,1,0,1,0,0,0
7,7,2,46,11,0,1,1,7,58,1579,364,40,0,0,0,1,0,1,0,0,0
10,9,2,41,8,0,1,1,11,657,4417,856,28,7,0,0,1,1,0,0,0,0
14,14,3,63,8,0,1,0,4,600,6553,1937,10,1,0,0,1,1,0,0,0,0
11,15,1,125,18,0,1,0,30,118,1576,614,46,11,0,0,1,1,1,0,0,0
13,6,2,35,4,0,1,0,24,1,101,132,4,0,0,0,1,0,1,0,0,0
8,6,1,94,19,0,1,0,30,167,2281,7340,7,1,1,0,1,1,0,0,0,0
14,8,1,55,3,0,1,0,8,30,982,3153,36,0,0,0,1,0,1,0,0,0
13,8,1,0,1,0,1,1,10,41,674,610,3,0,0,0,1,0,1,0,0,0
14,13,2,0,1,0,1,0,16,72,788,983,8,1,0,0,1,0,0,0,0,0
13,23,3,1,1,0,1,0,32,54,280,319,32,1,0,0,1,0,1,0,0,0
9,15,4,47,9,0,1,0,1,69,1070,467,29,7,0,1,1,1,0,0,0,0
17,14,2,13,4,0,1,1,35,43,465,915,29,6,0,0,1,1,1,0,0,0
7,12,2,54,14,0,1,0,7,21,29,35,29,0,0,0,1,0,1,0,0,0
10,0,1,46,10,0,1,1,24,97,1092,2113,21,0,0,0,1,0,1,0,0,0
11,13,2,64,5,1,1,0,1,47,1004,904,31,2,0,1,1,1,0,0,0,0
13,9,2,50,3,0,1,0,13,158,1438,843,25,7,0,1,1,1,0,0,0,0
16,16,1,0,1,0,1,0,16,69,242,322,43,0,0,0,1,0,1,0,0,0
11,10,1,0,1,0,1,1,15,161,707,1593,50,0,0,0,1,0,1,0,0,0
11,0,1,20,2,0,1,1,15,28,434,281,43,0,0,0,1,0,1,0,0,0
17,17,2,0,1,0,1,1,6,14,340,284,31,2,0,0,1,1,1,0,0,0
13,11,2,9,2,0,1,1,34,11,717,656,36,0,0,0,1,0,1,0,0,0
12,6,1,122,21,0,1,1,21,68,774,728,31,6,0,0,1,1,1,0,0,0
17,16,3,43,7,0,1,0,36,23,519,611,47,1,0,0,1,1,1,0,0,0
9,13,2,118,23,0,1,0,5,59,535,511,5,0,0,0,1,0,1,0,0,0
10,10,2,102,16,1,1,0,26,692,1295,1839,15,4,0,0,1,1,0,0,0,0
10,11,2,0,1,0,1,1,18,352,967,2140,30,2,0,0,1,1,1,0,0,0
11,11,2,0,1,0,1,0,13,127,643,625,17,0,0,0,1,0,1,0,0,0
15,11,2,41,6,0,1,1,4,33,267,332,21,0,0,0,1,0,1,0,0,0
17,16,2,79,14,1,1,0,30,56,1441,435,20,5,1,1,1,1,0,0,0,0
9,12,2,48,5,0,1,0,7,57,159,372,30,0,0,0,1,0,1,0,0,0
15,14,2,0,1,0,1,0,7,24,464,581,40,2,0,0,1,1,1,0,0,0
17,14,2,91,15,0,1,1,13,65,5959,543,10,5,0,0,1,1,0,0,0,0
9,13,2,118,25,1,1,1,15,217,711,615,2,4,0,0,1,1,1,0,0,0
15,8,1,18,4,0,1,0,12,119,460,457,39,12,0,0,1,0,1,0,0,0
10,20,3,108,15,0,1,0,41,386,1256,812,3,0,0,0,1,1,1,0,0,0
15,17,1,43,1,0,1,0,29,30,536,1243,48,0,0,0,1,0,1,0,0,0
7,14,2,15,4,0,1,0,11,70,344,387,2,0,0,1,1,1,1,0,0,0
17,5,1,0,1,0,1,0,8,170,239,264,42,0,0,1,1,0,1,0,0,0
8,6,1,71,16,0,1,0,18,45,526,417,19,0,0,0,1,0,1,0,0,0
10,15,2,39,6,0,1,1,3,134,864,769,0,0,0,0,1,0,1,0,0,0
7,10,2,15,2,0,1,0,25,73,444,551,26,0,0,0,1,0,1,0,0,0
12,12,2,51,15,0,1,0,9,15,462,495,34,0,0,0,1,0,1,0,0,0
11,10,2,53,4,0,1,1,38,69,643,513,21,0,0,1,1,1,1,0,0,0
15,2,1,57,12,0,1,0,8,83,1178,280,28,0,0,1,1,1,1,0,0,0
12,14,5,64,15,0,1,1,20,422,2122,968,10,0,0,0,1,0,1,0,0,0
14,17,2,129,19,1,1,1,27,113,597,129,43,0,1,0,1,0,0,0,0,0
10,12,2,79,12,1,1,0,19,4003,3500000,3815,17,14,1,1,1,1,0,1,0,0
11,11,2,90,10,1,1,1,1,1937,1700000,2058,15,14,1,1,1,1,0,1,0,0
10,17,2,17,3,0,1,1,13,1040,14200000,694,26,12,0,1,1,1,0,1,0,0
11,20,3,13,2,0,1,0,41,680,1200000,577,50,12,0,1,1,1,0,1,0,0
10,0,1,0,1,0,1,0,37,67,4587,1123,3,1,0,0,0,1,1,0,0,1
8,0,1,25,4,0,1,0,39,14,2019,3313,49,1,0,0,0,0,1,0,0,1
9,0,1,47,9,0,1,0,22,29,4210,1793,38,3,0,0,0,1,1,0,1,1
8,0,1,33,6,0,1,0,27,2,720,535,10,1,0,0,0,1,1,0,1,1
9,0,1,0,1,0,0,0,34,54,2237,2361,49,3,0,0,0,0,1,0,1,1
9,0,1,0,1,0,1,0,31,57,3479,730,21,5,0,0,0,0,1,0,2,1
6,0,1,0,1,1,1,0,28,91,598,2360,20,4,0,0,0,0,1,0,2,1
6,0,1,0,1,0,0,1,19,13,4972,1746,47,3,0,0,0,0,0,0,2,1
9,0,1,53,14,0,1,1,37,3,1233,751,23,3,0,0,0,0,1,0,1,1
9,0,1,19,5,0,1,0,30,55,1639,989,39,5,0,0,0,1,0,0,2,1
11,0,1,0,1,0,0,1,39,10,3870,4373,27,4,0,0,0,0,0,0,1,1
9,0,1,0,1,0,0,0,29,17,2766,1887,25,1,0,0,0,1,1,0,1,1
11,0,1,57,13,0,0,1,28,48,3492,4831,27,2,0,0,0,0,1,0,2,1
11,0,1,0,1,0,1,0,34,25,3898,2403,30,4,0,0,0,0,0,0,1,1
8,0,1,0,1,0,1,0,33,67,1339,2777,8,0,0,0,0,0,0,0,2,1
8,0,1,0,1,1,0,0,40,20,2070,4303,21,5,0,0,0,0,1,0,0,1
9,0,1,51,14,0,1,0,26,24,3954,1535,40,3,0,0,0,1,1,0,0,1
7,0,1,0,1,0,0,1,36,8,396,1457,4,4,0,0,0,1,0,0,1,1
11,16,2,0,1,1,0,0,24,3,936,3956,29,0,0,0,0,0,1,0,2,1
7,0,1,26,6,0,1,1,40,63,3960,908,46,0,0,0,0,0,1,0,0,1
8,0,1,0,1,0,0,1,18,4,2092,1753,0,5,0,0,0,1,0,0,0,1
9,0,1,31,7,0,1,0,28,6,350,1999,4,2,0,0,0,1,1,0,0,1
7,0,1,25,6,0,1,1,29,19,4946,2402,41,4,0,0,0,0,1,0,1,1
7,0,1,0,1,0,0,0,26,79,4100,2274,18,1,0,0,0,0,1,0,1,1
9,0,1,52,13,0,1,0,22,39,3556,3834,6,1,0,0,0,1,1,0,0,1
12,0,1,30,6,0,0,0,40,94,1080,4151,2,5,0,0,0,1,0,0,2,1
7,0,1,20,6,0,1,0,37,45,3437,1181,46,4,0,0,0,0,0,0,2,1
8,0,1,12,2,0,1,0,34,88,923,1165,34,4,0,0,0,0,1,0,2,1
8,0,1,0,1,1,0,1,28,66,917,749,37,5,0,0,0,0,1,0,0,1
8,0,1,0,1,0,1,0,17,18,944,3887,12,5,0,0,0,1,1,0,2,1
11,0,1,0,1,0,1,0,20,27,2923,3236,43,1,0,0,0,0,0,0,2,1
9,0,1,18,2,0,0,1,17,100,3016,369,44,5,0,0,0,0,0,0,0,1
9,0,1,16,2,0,0,0,23,96,739,149,12,3,0,0,0,0,0,0,2,1
6,12,2,0,1,0,0,0,25,99,2401,4642,50,0,0,0,0,0,1,0,1,1
8,0,1,27,3,0,1,0,30,19,1941,111,39,1,0,0,0,0,1,0,2,1
10,0,1,0,1,1,1,0,19,6,309,640,21,0,0,0,0,0,1,0,0,1
10,0,1,0,1,0,1,0,23,9,120,3793,24,5,0,0,0,0,0,0,1,1
8,0,1,0,1,1,0,1,16,73,4267,43,43,3,0,0,0,1,0,0,2,1
10,0,1,17,5,0,0,0,38,26,4195,1783,29,2,0,0,0,1,0,0,1,1
8,0,1,16,5,0,0,1,21,65,3992,4093,3,0,0,0,0,0,1,0,0,1
14,0,1,0,1,0,1,1,24,62,4656,2859,35,2,0,0,0,0,0,0,1,1
8,0,1,0,1,0,1,0,40,94,985,3952,5,5,0,0,0,0,0,0,1,1
9,0,1,0,1,0,1,0,35,68,518,677,10,2,0,0,0,1,1,0,1,1
10,0,1,0,1,0,1,1,35,80,10,4269,10,1,0,0,0,1,0,0,1,1
12,0,1,0,1,0,0,0,40,67,3741,4729,5,0,0,0,0,1,1,0,2,1
8,0,1,0,1,0,0,0,22,35,1450,2459,31,0,0,0,0,1,1,0,0,1
10,0,1,14,4,0,1,1,21,67,2265,4020,17,1,0,0,0,1,0,0,0,1
9,0,1,14,2,0,0,1,27,21,2223,3291,19,2,0,0,0,0,0,0,0,1
12,0,1,0,1,0,0,0,28,60,3584,3671,15,5,0,0,0,0,1,0,2,1
7,8,2,22,4,1,1,1,30,69,88,4335,45,0,0,0,0,1,1,0,1,1
10,0,1,0,1,0,0,1,27,26,463,1677,3,0,0,0,0,0,0,0,0,1
11,0,1,18,5,0,1,0,21,15,2095,903,40,4,0,0,0,1,0,0,1,1
9,0,1,0,1,0,1,0,21,5,2626,2024,1,4,0,0,0,1,1,0,2,1
9,0,1,16,4,0,1,0,34,90,4930,2611,24,0,0,0,0,0,1,0,0,1
9,0,1,0,1,1,0,0,17,26,937,2718,49,3,0,0,0,0,1,0,2,1
10,0,1,0,1,0,1,1,17,32,4695,1710,36,2,0,0,0,0,1,0,1,1
9,0,1,26,4,0,1,1,30,62,781,451,19,5,0,0,0,0,1,0,0,1
11,0,1,0,1,1,0,1,26,53,1543,68,46,0,0,0,0,1,1,0,2,1
8,0,1,0,1,0,1,0,36,5,3044,833,33,1,0,0,0,0,0,0,1,1
11,0,1,0,1,1,1,0,34,44,2633,4737,23,2,0,0,0,1,0,0,1,1
12,0,1,29,7,0,1,0,24,45,3544,2471,15,1,0,0,0,0,0,0,2,1
6,0,1,12,2,1,0,0,35,55,863,710,17,1,0,0,0,0,0,0,2,1
12,16,2,0,1,0,1,1,18,30,123,4531,31,5,0,0,0,1,1,0,1,1
9,0,1,20,4,0,1,1,22,8,246,568,12,1,0,0,0,0,1,0,1,1
9,0,1,0,1,0,1,1,36,66,4023,3355,39,4,0,0,0,1,1,0,2,1
8,9,2,0,1,0,1,0,22,65,3523,2326,44,1,0,0,0,0,0,0,2,1
9,0,1,0,1,0,0,0,27,86,3589,2928,32,3,0,0,0,1,0,0,2,1
11,0,1,0,1,0,1,0,19,10,4228,4907,14,2,0,0,0,1,1,0,2,1
9,10,2,0,1,1,1,0,30,55,676,1669,26,1,0,0,0,0,0,0,2,1
9,0,1,0,1,0,0,0,20,100,448,1833,25,0,0,0,0,1,1,0,1,1
11,0,1,15,3,1,0,0,29,17,1652,3109,17,5,0,0,0,0,1,0,0,1
13,0,1,9,2,0,1,0,25,44,2530,2071,4,5,0,0,0,1,0,0,0,1
7,0,1,0,1,1,0,1,16,78,1413,2621,42,2,0,0,0,0,0,0,0,1
10,0,1,0,1,0,1,0,38,45,1760,1859,27,4,0,0,0,0,1,0,0,1
9,0,1,0,1,0,1,0,36,97,4616,1042,14,1,0,0,0,1,0,0,1,1
10,10,2,0,1,0,1,0,30,77,290,1787,2,1,0,0,0,0,1,0,2,1
7,0,1,0,1,1,0,1,38,32,1874,2308,41,3,0,0,0,1,0,0,0,1
11,0,1,0,1,0,1,0,22,65,4483,313,17,2,0,0,0,0,1,0,0,1
11,0,1,0,1,0,0,0,39,74,1936,2426,17,0,0,0,0,1,1,0,0,1
9,0,1,0,1,0,1,0,33,11,4696,1474,14,4,0,0,0,1,0,0,1,1
9,0,1,0,1,0,1,1,27,39,2557,317,9,1,0,0,0,0,0,0,1,1
10,0,1,18,5,0,1,1,21,51,2079,4424,43,1,0,0,0,0,0,0,2,1
10,0,1,0,1,0,0,0,27,19,460,4925,41,4,0,0,0,1,0,0,2,1
8,0,1,0,1,0,0,0,22,31,1633,1569,39,4,0,0,0,1,0,0,2,1
11,0,1,35,8,0,1,1,34,33,3674,4384,30,3,0,0,0,1,0,0,2,1
9,0,1,0,1,0,0,1,19,24,3916,146,32,5,0,0,0,1,0,0,1,1
8,0,1,0,1,0,1,1,29,56,3468,1606,0,2,0,0,0,1,0,0,1,1
9,0,1,0,1,0,0,0,37,20,2196,1730,12,4,0,0,0,1,1,0,0,1
9,0,1,29,4,1,1,0,37,98,1501,115,6,4,0,0,0,1,1,0,0,1
12,0,1,24,4,0,1,0,33,77,4352,3062,25,5,0,0,0,0,1,0,1,1
7,0,1,0,1,0,1,0,33,53,2408,4093,15,4,0,0,0,0,0,0,0,1
8,0,1,17,3,0,1,1,39,47,1750,3301,0,0,0,0,0,1,1,0,0,1
10,0,1,0,1,0,0,1,20,42,3213,1009,50,2,0,0,0,0,0,0,1,1
9,0,1,0,1,0,0,1,39,25,2984,4227,20,1,0,0,0,1,0,0,0,1
10,0,1,0,1,0,0,0,33,47,2221,4256,5,5,0,0,0,1,1,0,2,1
11,0,1,0,1,0,0,0,26,0,2343,3715,29,4,0,0,0,1,1,0,2,1
10,0,1,0,1,0,0,1,26,56,628,1721,35,3,0,0,0,1,1,0,2,1
10,0,1,0,1,0,1,0,32,100,1822,1199,47,5,0,0,0,1,0,0,0,1
9,0,1,0,1,1,1,0,30,70,4521,2732,11,5,0,0,0,0,0,0,2,1
12,0,1,26,8,0,0,0,24,71,3949,4789,11,0,0,0,0,1,0,0,2,1
9,0,1,0,1,0,1,1,34,79,3384,3605,42,0,0,0,0,0,1,0,2,1
10,0,1,0,1,0,0,0,33,65,4562,2995,29,2,0,0,0,0,0,0,1,1
7,0,1,0,1,0,0,0,16,30,2117,3678,24,2,0,0,0,1,1,0,0,1
10,0,1,0,1,0,0,0,23,68,3393,866,22,0,0,0,0,0,0,0,0,1
9,14,2,16,5,0,1,1,28,51,1636,602,42,3,0,0,0,0,0,0,1,1
12,0,1,21,3,0,1,0,16,76,1228,1617,7,3,0,0,0,0,0,0,2,1
11,0,1,33,5,1,0,0,33,96,1092,329,0,0,0,0,0,0,0,0,1,1
13,0,1,0,1,0,1,0,40,4,2712,1350,25,0,0,0,0,0,1,0,0,1
9,0,1,0,1,0,0,0,41,89,4022,2839,21,1,0,0,0,1,0,0,1,1
9,0,1,0,1,0,1,1,35,54,4415,2131,10,5,0,0,0,0,1,0,2,1
9,0,1,0,1,0,0,0,22,92,1917,2614,30,0,0,0,0,0,0,0,2,1
7,0,1,16,3,0,1,1,30,44,4801,1344,30,1,0,0,0,0,0,0,1,1
10,0,1,0,1,0,0,1,41,66,1641,3811,24,0,0,0,0,1,1,0,2,1
11,0,1,0,1,0,1,0,18,19,700,2333,27,3,0,0,0,1,0,0,2,1
9,10,2,0,1,1,1,0,17,24,2964,2184,34,0,0,0,0,1,0,0,0,1
10,0,1,0,1,0,0,0,23,0,3749,2323,38,4,0,0,0,0,1,0,0,1
9,13,2,0,1,0,1,0,38,29,1923,3466,38,3,0,0,0,0,1,0,0,1
9,0,1,0,1,0,1,1,27,49,1759,1824,10,1,0,0,0,0,0,0,2,1
12,0,1,11,2,1,0,1,22,9,4587,1130,29,2,0,0,0,1,0,0,0,1
8,0,1,17,3,0,1,0,18,98,262,132,12,1,0,0,0,1,1,0,0,1
9,0,1,26,5,1,1,0,33,7,3385,3468,19,0,0,0,0,1,0,0,0,1
8,0,1,17,5,0,0,0,38,81,3079,1181,10,0,0,0,0,1,1,0,0,1
10,0,1,59,11,1,1,0,26,41,3827,736,15,3,0,0,0,0,1,0,2,1
9,0,1,0,1,0,1,0,36,53,2837,2744,1,3,0,0,0,1,1,0,1,1
11,0,1,46,7,0,1,0,30,96,3308,4433,21,3,0,0,0,0,0,0,0,1
9,0,1,39,10,0,0,1,22,56,1826,1554,36,2,0,0,0,0,1,0,1,1
12,0,1,0,1,0,1,1,29,24,1756,1236,18,2,0,0,0,0,0,0,0,1
9,0,1,0,1,0,1,1,34,93,1095,2800,4,0,0,0,0,0,1,0,0,1
9,0,1,53,11,0,1,0,41,77,2960,4552,11,3,0,0,0,0,1,0,2,1
10,0,1,0,1,0,0,1,30,90,3962,3313,18,2,0,0,0,0,0,0,1,1
12,0,1,0,1,0,0,0,26,62,2911,883,49,0,0,0,0,1,1,0,0,1
10,0,1,0,1,0,1,1,34,64,4175,2456,6,1,0,0,0,1,0,0,1,1
8,0,1,0,1,0,0,0,41,84,4607,1340,31,5,0,0,0,0,0,0,1,1
11,0,1,20,4,0,1,1,39,98,578,2839,10,2,0,0,0,0,0,0,1,1
10,0,1,33,7,0,0,1,23,16,2715,2071,35,3,0,0,0,0,0,0,1,1
9,10,2,0,1,0,0,0,32,33,3072,1816,17,5,0,0,0,1,0,0,2,1
13,0,1,0,1,1,1,1,17,87,1120,1908,48,5,0,0,0,0,1,0,1,1
12,0,1,24,5,0,0,0,41,81,1073,4845,29,2,0,0,0,0,1,0,0,1
9,11,2,0,1,0,1,0,17,35,1681,4328,6,1,0,0,0,1,1,0,0,1
11,0,1,52,15,0,0,1,36,91,1545,3907,17,2,0,0,0,0,0,0,1,1
9,0,1,34,8,0,1,0,16,59,600,1072,19,3,0,0,0,1,0,0,0,1
11,0,1,47,13,0,1,0,16,48,3560,1907,41,0,0,0,0,0,1,0,0,1
8,0,1,0,1,0,0,0,22,21,2190,2329,24,5,0,0,0,0,0,0,0,1
12,0,1,0,1,0,1,1,41,79,3750,1559,31,4,0,0,0,1,0,0,1,1
9,0,1,0,1,0,0,0,34,71,150,2491,10,2,0,0,0,0,1,0,1,1
12,0,1,0,1,0,1,0,32,74,3176,4272,12,5,0,0,0,1,0,0,0,1
10,0,1,0,1,0,1,1,23,63,1519,2851,33,5,0,0,0,1,0,0,0,1
13,0,1,0,1,1,0,0,18,50,4538,4803,43,4,0,0,0,0,0,0,1,1
12,0,1,67,17,1,1,0,26,64,2542,3692,40,1,0,0,0,0,0,0,2,1
8,0,1,0,1,0,1,0,24,30,226,896,30,2,0,0,0,1,0,0,1,1
11,0,1,0,1,0,1,1,35,2,1794,1086,11,2,0,0,0,1,0,0,2,1
10,0,1,0,1,0,1,0,38,8,2233,4598,48,3,0,0,0,0,0,0,1,1
5,0,1,0,1,0,1,0,19,68,4831,4101,6,1,0,0,0,0,0,0,1,1
11,0,1,60,17,0,0,0,29,40,307,4395,9,4,0,0,0,1,1,0,2,1
8,0,1,0,1,0,1,0,21,89,4275,3580,26,4,0,0,0,1,0,0,2,1
10,0,1,0,1,1,0,0,40,51,861,1447,20,0,0,0,0,1,0,0,1,1
13,0,1,0,1,0,1,1,25,32,1696,1783,27,4,0,0,0,1,0,0,1,1
10,0,1,0,1,0,0,0,28,24,2286,4190,37,0,0,0,0,1,0,0,1,1
11,0,1,66,13,0,1,0,38,60,2704,478,22,0,0,0,0,1,0,0,1,1
11,0,1,0,1,0,1,1,40,15,4935,1366,13,3,0,0,0,1,0,0,1,1
13,0,1,0,1,0,1,1,37,11,2786,4310,33,3,0,0,0,0,1,0,0,1
13,0,1,0,1,0,1,1,35,82,3784,558,26,4,0,0,0,1,0,0,1,1
8,0,1,0,1,0,1,0,37,38,3738,4391,23,1,0,0,0,1,1,0,0,1
9,0,1,23,3,0,0,1,27,66,1651,4670,38,1,0,0,0,1,0,0,0,1
9,10,2,36,7,0,0,1,27,70,1459,4355,46,5,0,0,0,0,0,0,1,1
12,0,1,0,1,0,1,0,35,96,561,3307,12,0,0,0,0,1,1,0,1,1
9,0,1,36,10,0,0,1,33,28,3122,2349,32,0,0,0,0,0,1,0,1,1
12,0,1,54,13,1,0,0,19,5,4930,2314,42,3,0,0,0,1,0,0,2,1
8,0,1,0,1,0,0,0,36,19,3171,259,47,1,0,0,0,1,1,0,0,1
11,16,2,11,3,1,1,0,29,51,2703,1986,43,4,0,0,0,0,1,0,1,1
12,0,1,43,11,0,1,0,19,47,4545,2012,6,3,0,0,0,0,1,0,1,1
10,0,1,0,1,0,1,1,36,94,4821,4987,27,5,0,0,0,1,1,0,2,1
10,0,1,29,7,0,0,1,27,14,1195,545,20,3,0,0,0,0,0,0,2,1
10,0,1,0,1,1,1,1,18,44,2223,4426,44,3,0,0,0,0,0,0,2,1
9,0,1,0,1,0,0,0,24,81,3417,2308,1,0,0,0,0,1,0,0,0,1
10,0,1,0,1,0,1,1,31,15,1198,3983,28,1,0,0,0,1,0,0,2,1
11,11,2,0,1,1,1,0,20,62,4997,2211,5,2,0,0,0,0,0,0,2,1
14,0,1,0,1,0,1,1,38,80,93,864,30,4,0,0,0,0,1,0,0,1
9,0,1,0,1,0,1,0,20,47,1555,4679,43,3,0,0,0,1,1,0,1,1
11,16,2,0,1,0,0,0,24,1,4245,2989,23,5,0,0,0,1,1,0,1,1
12,0,1,0,1,1,1,0,34,11,2407,1535,5,1,0,0,0,1,1,0,0,1
10,0,1,20,6,0,1,1,24,19,3920,3143,19,2,0,0,0,0,0,0,2,1
11,0,1,0,1,0,1,1,34,42,210,12,12,3,0,0,0,0,1,0,2,1
12,0,1,0,1,1,0,1,19,44,201,2852,41,2,0,0,0,0,1,0,0,1
8,0,1,0,1,0,1,1,27,52,1635,2747,44,3,0,0,0,0,0,0,0,1
9,0,1,0,1,0,1,0,21,93,4109,2925,18,5,0,0,0,1,0,0,0,1
9,11,2,0,1,1,1,0,17,70,1599,699,15,1,0,0,0,0,1,0,0,1
10,0,1,0,1,0,1,0,30,20,1489,4890,44,2,0,0,0,1,0,0,1,1
10,14,2,0,1,1,0,1,32,9,313,1707,10,5,0,0,0,1,1,0,1,1
8,12,2,0,1,0,1,0,19,62,3665,2297,20,3,0,0,0,0,1,0,1,1
9,0,1,0,1,0,0,0,39,32,2025,86,45,2,0,0,0,1,1,0,0,1
8,10,2,44,9,0,1,0,28,98,1764,2182,16,0,0,0,0,1,1,0,0,1
12,0,1,0,1,0,1,0,38,42,1198,1863,15,3,0,0,0,0,0,0,2,1
10,0,1,42,8,0,1,0,39,73,2840,914,2,0,0,0,0,1,1,0,0,1
9,0,1,0,1,0,1,0,19,60,4805,565,44,3,0,0,0,1,0,0,0,1
9,0,1,0,1,0,1,1,23,79,268,2129,43,1,0,0,0,0,0,0,1,1
8,0,1,0,1,0,1,0,26,43,3005,1165,12,2,0,0,0,0,0,0,2,1
10,0,1,22,5,1,0,0,26,19,4763,1958,40,4,0,0,0,0,0,0,1,1
8,0,1,27,5,0,0,0,33,19,3821,2386,5,5,0,0,0,0,1,0,0,1
10,11,2,0,1,0,1,0,25,17,118,4231,7,1,0,0,0,0,0,0,2,1
8,0,1,0,1,0,0,0,18,3,147,438,37,0,0,0,0,0,0,0,1,1
9,0,1,29,3,0,1,1,23,6,135,663,30,0,0,0,0,0,1,0,1,1
8,0,1,0,1,0,0,0,36,5,184,651,50,0,0,0,0,0,0,0,0,1
9,13,2,0,1,1,0,1,18,7,8,267,8,0,0,0,0,0,1,0,1,1
11,0,1,0,1,0,1,0,27,8,94,675,10,0,0,0,0,0,0,0,0,1
8,0,1,0,1,0,1,0,37,2,182,699,18,0,0,0,0,0,0,0,2,1
8,0,1,31,3,0,1,0,23,3,113,244,35,0,0,0,0,0,0,0,0,1
8,0,1,0,1,0,1,0,41,10,198,351,0,0,0,0,0,0,1,0,0,1
8,0,1,0,1,0,1,0,34,3,114,629,1,0,0,0,0,0,1,0,1,1
8,0,1,0,1,0,1,0,26,0,140,92,34,0,0,0,0,0,0,0,2,1
7,0,1,28,3,0,0,0,34,4,76,476,25,0,0,0,0,0,0,0,0,1
10,0,1,0,1,0,0,0,37,7,59,668,5,0,0,0,0,0,1,0,1,1
8,0,1,0,1,0,1,0,39,4,31,335,31,0,0,0,0,0,1,0,1,1
11,16,2,0,1,1,1,0,25,0,190,491,28,0,0,0,0,0,1,0,1,1
8,0,1,0,1,0,1,0,31,9,180,575,37,0,0,0,0,0,1,0,1,1
8,0,1,0,1,0,1,0,18,8,18,345,18,0,0,0,0,0,0,0,1,1
9,0,1,31,3,0,1,0,35,9,162,141,28,0,0,0,0,0,1,0,2,1
10,14,2,0,1,1,1,0,25,4,186,489,41,0,0,0,0,0,0,0,1,1
7,0,1,24,3,0,0,0,20,8,189,21,21,0,0,0,0,0,1,0,0,1
9,12,2,0,1,1,1,0,16,5,103,686,45,0,0,0,0,0,0,0,0,1
11,0,1,34,3,0,1,0,21,7,103,414,31,0,0,0,0,0,1,0,1,1
12,18,2,29,3,1,0,0,36,8,89,96,10,0,0,0,0,0,1,0,2,1
8,0,1,29,3,0,0,0,37,4,64,597,28,0,0,0,0,0,1,0,1,1
9,14,2,0,1,1,1,0,27,2,92,678,39,0,0,0,0,0,1,0,2,1
11,0,1,0,1,0,1,0,31,9,192,326,11,0,0,0,0,0,0,0,2,1
10,0,1,0,1,0,1,0,27,1,88,333,32,0,0,0,0,0,0,0,2,1
10,0,1,0,1,0,1,0,37,3,38,247,38,0,0,0,0,0,0,0,2,1
7,0,1,0,1,0,0,0,38,6,77,71,39,0,0,0,0,0,0,0,1,1
9,0,1,0,1,0,1,0,36,6,71,298,50,0,0,0,0,0,1,0,1,1
11,0,1,30,3,0,1,0,38,7,125,26,26,0,0,0,0,0,1,0,1,1
11,0,1,36,3,0,1,0,23,6,32,210,32,0,0,0,0,0,1,0,2,1
9,13,2,0,1,1,0,0,16,5,128,411,33,0,0,0,0,0,1,0,1,1
14,0,1,0,1,0,0,1,32,6,81,538,35,0,0,0,0,0,0,0,2,1
9,0,1,0,1,0,0,0,32,1,172,194,8,0,0,0,0,0,0,0,1,1
8,0,1,0,1,0,1,0,34,7,131,646,11,0,0,0,0,0,0,0,2,1
8,12,2,0,1,1,0,1,23,6,144,507,25,0,0,0,0,0,0,0,2,1
9,0,1,0,1,0,0,0,21,1,161,326,4,0,0,0,0,0,0,0,1,1
11,14,2,0,1,1,0,0,19,8,104,630,11,0,0,0,0,0,1,0,1,1
10,0,1,36,3,0,1,0,38,2,100,266,22,0,0,0,0,0,0,0,1,1
12,0,1,31,3,0,1,0,27,9,97,106,1,0,0,0,0,0,1,0,2,1
8,0,1,0,1,0,1,0,26,7,177,336,43,0,0,0,0,0,1,0,1,1
14,0,1,0,1,0,1,0,18,4,100,137,48,0,0,0,0,0,1,0,0,1
12,15,2,0,1,1,1,0,36,1,102,1,1,0,0,0,0,0,1,0,1,1
7,0,1,0,1,0,0,0,30,10,126,109,28,0,0,0,0,0,0,0,0,1
9,0,1,44,3,0,1,0,31,3,108,122,5,0,0,0,0,0,0,0,1,1
9,10,2,33,3,1,1,0,27,10,159,173,0,0,0,0,0,0,1,0,2,1
11,17,2,0,1,1,1,0,27,10,12,258,12,0,0,0,0,0,0,0,0,1
7,0,1,0,1,0,1,0,41,2,81,632,37,0,0,0,0,0,1,0,1,1
9,0,1,39,3,0,0,1,39,3,197,644,24,0,0,0,0,0,0,0,0,1
10,0,1,30,3,0,1,0,37,10,108,279,25,0,0,0,0,0,0,0,0,1
10,0,1,0,1,0,0,0,21,6,186,453,41,0,0,0,0,0,1,0,1,1
12,0,1,0,1,0,1,0,28,10,134,687,15,0,0,0,0,0,0,0,1,1
10,0,1,0,1,0,0,0,16,1,138,534,10,0,0,0,0,0,1,0,1,1
11,0,1,33,3,0,1,0,38,9,51,224,48,0,0,0,0,0,0,0,2,1
10,9,2,0,1,1,1,0,39,7,145,570,46,0,0,0,0,0,0,0,2,1
12,0,1,0,1,0,0,0,40,10,84,521,49,0,0,0,0,0,1,0,0,1
8,0,1,0,1,0,0,0,17,6,156,500,43,0,0,0,0,0,0,0,1,1
13,14,2,0,1,1,1,0,16,8,76,457,38,0,0,0,0,0,1,0,1,1
9,0,1,0,1,0,1,0,35,0,173,365,46,0,0,0,0,0,1,0,1,1
10,0,1,0,1,0,0,0,27,4,140,586,42,0,0,0,0,0,1,0,0,1
9,0,1,0,1,0,0,1,35,5,193,472,8,0,0,0,0,0,1,0,1,1
9,12,2,0,1,1,0,0,31,6,36,248,36,0,0,0,0,0,1,0,2,1
11,0,1,32,3,0,0,0,21,4,75,242,44,0,0,0,0,0,0,0,1,1
8,0,1,23,3,0,1,1,22,9,108,3,3,0,0,0,0,0,0,0,0,1
11,0,1,32,4,0,0,1,18,6,12,202,12,0,0,0,0,0,1,0,0,1
12,0,1,0,1,0,0,0,22,0,22,440,22,0,0,0,0,0,1,0,0,1
10,0,1,0,1,0,0,0,19,3,78,594,14,0,0,0,0,0,1,0,1,1
12,0,1,27,4,0,1,0,33,9,11,555,11,0,0,0,0,0,1,0,0,1
12,0,1,31,3,0,1,0,22,8,71,387,12,0,0,0,0,0,1,0,1,1
11,0,1,0,1,0,1,0,18,9,122,290,14,0,0,0,0,0,0,0,0,1
10,17,2,0,1,1,0,0,19,3,144,633,15,0,0,0,0,0,0,0,1,1
10,14,2,0,1,1,1,1,27,6,14,47,14,0,0,0,0,0,1,0,1,1
14,0,1,0,1,0,0,0,31,8,100,528,24,0,0,0,0,0,1,0,1,1
10,0,1,0,1,0,0,0,19,7,6,553,6,0,0,0,0,0,1,0,2,1
10,0,1,0,1,0,1,0,25,5,21,212,21,0,0,0,0,0,1,0,1,1
9,0,1,0,1,0,1,0,28,6,20,14,14,0,0,0,0,0,1,0,2,1
11,0,1,0,1,0,1,0,27,8,122,9,9,0,0,0,0,0,1,0,1,1
9,15,2,0,1,1,0,0,41,2,192,151,37,0,0,0,0,0,0,0,0,1
9,0,1,0,1,0,1,0,20,9,144,544,4,0,0,0,0,0,1,0,0,1
11,0,1,25,3,0,1,0,28,5,152,158,7,0,0,0,0,0,1,0,0,1
8,0,1,0,1,0,1,0,39,4,136,42,42,0,0,0,0,0,0,0,2,1
10,0,1,0,1,0,0,0,25,7,111,445,46,0,0,0,0,0,1,0,0,1
10,0,1,0,1,0,1,0,38,7,96,22,22,0,0,0,0,0,0,0,1,1
14,18,2,0,1,1,1,1,41,4,6,685,6,0,0,0,0,0,1,0,0,1
8,13,2,0,1,1,1,0,24,8,93,349,1,0,0,0,0,0,0,0,2,1
8,13,2,0,1,1,1,0,27,0,14,20,14,0,0,0,0,0,1,0,1,1
12,0,1,31,3,0,1,1,25,1,108,124,6,0,0,0,0,0,1,0,2,1
11,0,1,0,1,0,1,0,41,3,38,621,38,0,0,0,0,0,0,0,0,1
15,0,1,0,1,0,0,0,27,7,93,630,14,0,0,0,0,0,1,0,1,1
11,0,1,33,3,0,1,0,39,7,98,3,3,0,0,0,0,0,0,0,1,1
10,0,1,0,1,0,0,0,21,5,107,448,37,0,0,0,0,0,1,0,2,1
8,0,1,0,1,0,1,0,41,6,63,683,24,0,0,0,0,0,1,0,1,1
13,0,1,31,4,0,1,0,35,8,60,328,25,0,0,0,0,0,1,0,0,1
12,0,1,39,3,0,1,0,32,2,128,584,30,0,0,0,0,0,1,0,0,1
8,12,2,0,1,1,1,0,26,9,163,632,22,0,0,0,0,0,0,0,1,1
7,11,2,0,1,1,1,0,40,9,37,197,37,0,0,0,0,0,1,0,2,1
13,0,1,0,1,0,1,0,40,5,125,437,3,0,0,0,0,0,1,0,2,1
9,0,1,28,3,0,0,0,36,5,160,186,22,0,0,0,0,0,0,0,2,1
12,0,1,0,1,0,1,0,31,8,69,596,29,0,0,0,0,0,0,0,0,1
8,13,2,30,3,1,0,1,23,9,81,312,47,0,0,0,0,0,0,0,0,1
11,0,1,0,1,0,0,0,39,1,95,406,49,0,0,0,0,0,1,0,0,1
10,0,1,33,3,0,0,0,19,0,124,681,48,0,0,0,0,0,0,0,0,1
8,0,1,0,1,0,1,0,24,10,6,0,0,0,0,0,0,0,0,0,1,1
10,13,2,0,1,1,1,0,23,5,173,364,20,0,0,0,0,0,1,0,1,1
11,0,1,0,1,0,1,0,18,1,117,440,1,0,0,0,0,0,0,0,2,1
13,14,2,0,1,1,0,0,20,7,122,620,3,0,0,0,0,0,1,0,1,1
11,12,2,0,1,1,1,0,37,4,199,547,12,0,0,0,0,0,0,0,1,1
12,0,1,0,1,0,1,0,25,8,8,217,8,0,0,0,0,0,1,0,1,1
9,0,1,0,1,0,0,0,31,9,40,121,40,0,0,0,0,0,1,0,2,1
12,0,1,0,1,0,1,0,32,10,26,136,26,0,0,0,0,0,0,0,1,1
9,14,2,0,1,1,1,0,24,8,67,672,44,0,0,0,0,0,1,0,1,1
11,0,1,0,1,0,0,0,19,6,118,269,39,0,0,0,0,0,0,0,0,1
13,0,1,0,1,0,1,0,17,8,48,452,48,0,0,0,0,0,1,0,1,1
11,0,1,0,1,0,0,0,20,10,188,432,7,0,0,0,0,0,0,0,0,1
13,15,2,0,1,1,1,0,24,1,72,664,11,0,0,0,0,0,0,0,1,1
9,0,1,0,1,0,0,0,33,5,59,220,18,0,0,0,0,0,1,0,1,1
11,14,2,0,1,1,0,0,32,0,70,247,47,0,0,0,0,0,0,0,1,1
10,0,1,0,1,0,0,0,27,3,195,606,18,0,0,0,0,0,1,0,0,1
12,16,2,0,1,1,1,0,39,10,54,154,45,0,0,0,0,0,0,0,1,1
10,13,2,0,1,1,0,0,36,8,125,216,18,0,0,0,0,0,1,0,1,1
9,12,2,0,1,1,0,0,22,4,198,2,2,0,0,0,0,0,1,0,0,1
10,0,1,0,1,0,0,0,18,3,33,550,33,0,0,0,0,0,1,0,2,1
10,0,1,0,1,0,0,0,33,8,145,105,4,0,0,0,0,0,0,0,0,1
10,0,1,0,1,0,0,0,32,1,125,550,49,0,0,0,0,0,1,0,1,1
9,0,1,0,1,0,1,0,17,3,198,172,26,0,0,0,0,0,0,0,1,1
9,0,1,0,1,0,1,1,28,7,182,221,37,0,0,0,0,0,1,0,1,1
11,0,1,33,3,0,1,0,41,1,162,211,50,0,0,0,0,0,1,0,1,1
11,0,1,0,1,0,1,0,21,8,75,349,17,0,0,0,0,0,1,0,2,1
8,0,1,0,1,0,1,0,34,7,79,195,47,0,0,0,0,0,0,0,1,1
14,0,1,0,1,0,1,0,16,5,58,380,33,0,0,0,0,0,1,0,0,1
9,0,1,0,1,0,1,0,19,3,11,482,11,0,0,0,0,0,0,0,0,1
12,0,1,31,3,0,0,0,22,4,148,544,17,0,0,0,0,0,1,0,0,1
9,0,1,37,4,0,0,0,21,6,170,219,29,0,0,0,0,0,1,0,1,1
12,17,2,0,1,1,0,0,41,6,192,180,42,0,0,0,0,0,1,0,0,1
10,0,1,0,1,0,1,0,33,2,48,602,48,0,0,0,0,0,1,0,1,1
7,0,1,0,1,0,0,0,21,5,160,471,32,0,0,0,0,0,0,0,0,1
10,0,1,0,1,0,0,0,29,5,65,149,47,0,0,0,0,0,0,0,2,1
10,14,2,0,1,1,1,0,26,6,44,230,44,0,0,0,0,0,0,0,0,1
11,0,1,29,3,0,1,0,25,3,85,598,27,0,0,0,0,0,0,0,1,1
11,0,1,0,1,0,1,0,33,5,34,454,34,0,0,0,0,0,0,0,1,1
7,0,1,29,3,0,0,0,16,6,94,82,38,0,0,0,0,0,0,0,0,1
11,0,1,0,1,0,1,0,17,10,69,457,3,0,0,0,0,0,1,0,2,1
10,0,1,30,3,0,0,0,22,2,34,220,34,0,0,0,0,0,1,0,1,1
12,0,1,0,1,0,1,0,20,8,187,435,0,0,0,0,0,0,1,0,0,1
6,0,1,0,1,0,0,0,27,7,31,421,31,0,0,0,0,0,0,0,1,1
10,0,1,39,4,0,0,0,32,3,79,99,2,0,0,0,0,0,0,0,2,1
11,0,1,31,5,0,1,0,39,2,63,518,3,0,0,0,0,0,0,0,0,1
9,0,1,0,1,0,0,0,28,7,73,43,43,0,0,0,0,0,1,0,2,1
8,0,1,0,1,0,1,0,29,1,200,415,2,0,0,0,0,0,1,0,0,1
8,11,2,0,1,1,1,0,25,0,60,176,14,0,0,0,0,0,0,0,1,1
11,0,1,31,3,0,1,0,16,3,148,89,31,0,0,0,0,0,1,0,1,1
9,0,1,0,1,0,1,0,21,8,66,17,17,0,0,0,0,0,0,0,1,1
10,0,1,0,1,0,1,0,29,1,112,54,19,0,0,0,0,0,0,0,2,1
7,10,2,0,1,1,0,0,30,2,175,463,20,0,0,0,0,0,0,0,1,1
12,0,1,0,1,0,0,0,34,6,139,279,35,0,0,0,0,0,0,0,1,1
12,0,1,31,3,0,1,0,19,3,30,31,30,0,0,0,0,0,0,0,1,1
11,0,1,34,3,0,0,0,27,1,150,300,23,0,0,0,0,0,1,0,0,1
12,0,1,0,1,0,1,0,26,4,120,119,22,0,0,0,0,0,0,0,0,1
10,0,1,34,4,0,1,0,36,8,81,408,35,0,0,0,0,0,1,0,2,1
9,11,2,0,1,1,1,0,28,0,133,569,23,0,0,0,0,0,0,0,2,1
9,0,1,0,1,0,1,0,39,2,21,170,21,0,0,0,0,0,1,0,1,1
12,14,2,0,1,1,1,0,37,7,0,304,0,0,0,0,0,0,0,0,1,1
10,0,1,36,3,0,1,0,22,3,189,13,13,0,0,0,0,0,0,0,2,1
9,0,1,0,1,0,1,0,19,1,142,102,45,0,0,0,0,0,1,0,2,1
13,0,1,33,4,0,1,0,21,6,42,211,42,0,0,0,0,0,1,0,0,1
11,0,1,0,1,0,0,0,35,5,20,129,20,0,0,0,0,0,0,0,1,1
7,0,1,0,1,0,0,0,28,3,11,153,11,0,0,0,0,0,1,0,1,1
8,0,1,28,3,0,1,0,31,5,147,351,21,0,0,0,0,0,1,0,1,1
9,0,1,31,3,0,0,0,27,8,77,626,48,0,0,0,0,0,0,0,0,1
10,0,1,0,1,0,1,0,37,7,65,309,20,0,0,0,0,0,1,0,2,1
10,0,1,0,1,0,1,0,41,0,166,506,26,0,0,0,0,0,1,0,2,1
8,0,1,0,1,0,1,0,35,3,36,151,36,0,0,0,0,0,0,0,0,1
10,0,1,0,1,0,0,0,35,2,12,150,12,0,0,0,0,0,0,0,0,1
9,0,1,0,1,0,1,0,40,0,192,200,44,0,0,0,0,0,1,0,2,1
9,0,1,0,1,0,0,0,16,5,83,384,18,0,0,0,0,0,1,0,0,1
8,0,1,46,6,0,1,0,32,0,143,275,36,0,0,0,0,0,1,0,0,1
12,0,1,0,1,0,1,0,37,7,177,57,46,0,0,0,0,0,0,0,0,1
8,0,1,35,4,0,0,0,32,7,158,430,26,0,0,0,0,0,1,0,0,1
9,0,1,25,3,0,1,0,28,5,52,78,11,0,0,0,0,0,0,0,2,1
11,0,1,38,4,0,1,0,28,1,196,531,5,0,0,0,0,0,0,0,0,1
11,0,1,0,1,0,0,0,27,6,111,193,15,0,0,0,0,0,1,0,0,1
10,13,2,0,1,1,0,0,17,5,32,322,32,0,0,0,0,0,1,0,0,1
10,0,1,36,3,0,1,0,32,2,194,224,1,0,0,0,0,0,0,0,0,1
8,0,1,0,1,0,1,0,17,9,75,443,14,0,0,0,0,0,1,0,0,1
12,0,1,0,1,0,1,0,22,6,126,188,19,0,0,0,0,0,1,0,0,1
11,0,1,0,1,0,1,0,20,7,61,428,15,0,0,0,0,0,1,0,0,1
11,12,2,0,1,1,0,0,35,9,57,328,5,0,0,0,0,0,0,0,0,1
11,0,1,34,4,0,1,1,24,7,163,391,0,0,0,0,0,0,1,0,0,1
11,0,1,29,4,0,1,0,21,2,75,460,21,0,0,0,0,0,0,0,0,1
9,13,2,0,1,1,0,0,21,7,38,539,38,0,0,0,0,0,0,0,0,1
11,15,2,0,1,1,1,0,20,5,3,289,3,0,0,0,0,0,0,0,0,1
10,0,1,46,4,0,1,0,22,6,129,367,50,0,0,0,0,0,1,0,0,1
8,0,1,0,1,0,1,0,36,2,143,404,40,0,0,0,0,0,0,0,0,1
6,0,1,0,1,0,1,0,21,7,13,223,13,0,0,0,0,0,0,0,0,1
13,0,1,0,1,0,1,0,20,1,98,354,3,0,0,0,0,0,0,0,0,1
10,0,1,0,1,0,1,0,32,1,74,537,50,0,0,0,0,0,1,0,0,1
9,0,1,29,3,0,1,0,22,9,133,585,14,0,0,0,0,0,0,0,0,1
9,0,1,0,1,0,0,1,16,4,166,71,8,0,0,0,0,0,1,0,0,1
9,0,1,0,1,0,1,0,29,9,117,151,39,0,0,0,0,0,0,0,0,1
10,0,1,0,1,0,0,0,25,7,181,634,21,0,0,0,0,0,1,0,0,1
13,0,1,0,1,0,1,0,27,1,150,47,47,0,0,0,0,0,1,0,0,1
7,0,1,0,1,0,0,0,33,9,123,353,30,0,0,0,0,0,0,0,0,1
12,0,1,0,1,0,1,0,28,8,76,129,47,0,0,0,0,0,1,0,0,1
12,18,2,33,3,1,1,0,32,9,154,429,18,0,0,0,0,0,1,0,0,1
8,10,2,33,3,1,1,0,21,7,143,121,32,0,0,0,0,0,0,0,0,1
9,0,1,26,3,0,1,0,38,4,96,71,48,0,0,0,0,0,1,0,0,1
8,0,1,0,1,0,0,0,24,6,1,314,1,0,0,0,0,0,1,0,0,1
9,0,1,0,1,0,1,0,40,9,154,383,0,0,0,0,0,0,0,0,0,1
11,0,1,22,3,0,0,0,36,0,132,300,31,0,0,0,0,0,1,0,0,1
8,0,1,0,1,0,0,0,16,7,166,569,21,0,0,0,0,0,1,0,0,1
8,0,1,0,1,0,1,0,32,9,96,188,29,0,0,0,0,0,1,0,0,1
11,0,1,0,1,0,1,0,20,2,70,532,47,0,0,0,0,0,1,0,0,1
11,14,2,30,3,1,0,0,35,0,182,324,24,0,0,0,0,0,1,0,0,1
9,0,1,0,1,0,1,1,29,10,70,155,40,0,0,0,0,0,1,0,0,1
10,0,1,0,1,0,1,0,21,1,74,486,14,0,0,0,0,0,0,0,0,1
8,0,1,0,1,0,1,0,34,4,135,473,38,0,0,0,0,0,1,0,0,1
11,0,1,0,1,0,1,0,25,7,71,211,31,0,0,0,0,0,0,0,0,1
10,0,1,0,1,0,1,0,25,10,63,532,9,0,0,0,0,0,0,0,0,1
10,0,1,34,3,0,0,0,27,5,155,576,25,0,0,0,0,0,0,0,0,1
12,0,1,0,1,0,1,0,37,7,155,362,23,0,0,0,0,0,0,0,0,1
10,0,1,0,1,0,1,0,20,0,152,88,23,0,0,0,0,0,0,0,0,1
10,0,1,23,3,0,0,0,39,2,172,364,3,0,0,0,0,0,1,0,0,1
9,0,1,0,1,0,0,1,34,1,60,308,48,0,0,0,0,0,1,0,0,1
12,0,1,0,1,0,0,0,36,2,32,106,32,0,0,0,0,0,1,0,0,1
14,0,1,0,1,0,0,0,17,5,20,602,20,0,0,0,0,0,1,0,0,1
10,10,2,0,1,1,0,1,16,7,5,488,5,0,0,0,0,0,1,0,0,1
11,0,1,0,1,0,1,0,18,4,148,299,11,0,0,0,0,0,1,0,0,1
9,11,2,0,1,1,0,0,25,3,106,127,1,0,0,0,0,0,1,0,0,1
10,12,2,0,1,1,0,1,32,2,186,206,16,0,0,0,0,0,0,0,0,1
10,0,1,0,1,0,1,0,34,6,50,561,44,0,0,0,0,0,1,0,0,1
9,0,1,34,4,0,1,0,25,1,26,119,26,0,0,0,0,0,0,0,0,1
10,0,1,0,1,0,0,0,41,5,114,6,6,0,0,0,0,0,1,0,0,1
9,0,1,0,1,0,1,0,33,9,180,576,10,0,0,0,0,0,0,0,0,1
14,17,2,0,1,1,1,0,39,8,48,314,48,0,0,0,0,0,1,0,0,1
12,0,1,0,1,0,0,0,32,3,14,128,14,0,0,0,0,0,0,0,0,1
9,12,2,21,3,1,1,0,35,7,150,375,28,0,0,0,0,0,0,0,0,1
9,0,1,0,1,0,1,0,28,0,47,283,47,0,0,0,0,0,0,0,0,1
10,14,2,0,1,1,1,0,19,3,113,287,3,0,0,0,0,0,0,0,0,1
10,0,1,0,1,0,1,0,33,5,87,467,19,0,0,0,0,0,0,0,0,1
11,0,1,30,3,0,1,0,24,8,45,610,45,0,0,0,0,0,1,0,0,1
10,0,1,0,1,0,0,0,39,5,8,199,8,0,0,0,0,0,1,0,0,1
10,0,1,0,1,0,0,0,38,3,198,470,18,0,0,0,0,0,0,0,0,1
11,0,1,0,1,0,0,0,37,3,52,113,11,0,0,0,0,0,1,0,0,1
11,0,1,0,1,0,0,0,28,5,120,367,32,0,0,0,0,0,1,0,0,1
9,0,1,0,1,0,1,0,28,4,23,158,23,0,0,0,0,0,1,0,0,1
12,0,1,34,3,0,0,0,21,1,136,690,38,0,0,0,0,0,0,0,0,1
9,14,2,0,1,1,1,1,22,1,195,466,17,0,0,0,0,0,1,0,0,1
13,0,1,29,3,0,0,0,17,4,177,288,32,0,0,0,0,0,0,0,0,1
11,0,1,0,1,0,1,0,16,5,62,454,43,0,0,0,0,0,1,0,0,1
13,0,1,37,3,0,1,0,27,0,160,253,6,0,0,0,0,0,1,0,0,1
12,0,1,0,1,0,1,0,22,2,32,47,27,0,0,0,0,0,1,0,0,1
11,4,1,8,1,1,1,0,33,0,33,148,24,1,1,0,0,1,0,0,0,1
8,7,1,0,1,0,1,0,31,0,55,68,26,0,0,0,0,0,1,0,0,1
13,5,1,0,1,0,1,0,21,2,5,11,17,0,0,0,0,0,0,0,0,1
13,0,1,0,1,0,1,0,12,0,36,53,27,0,0,0,0,0,1,0,0,1
9,5,1,15,4,0,1,0,22,8,3369,104,23,2,0,0,0,1,1,0,0,1
8,13,1,15,2,1,1,0,33,5,1172,11,31,1,1,1,0,0,1,0,0,1
13,7,1,0,1,0,1,0,35,0,10,1736,35,0,0,0,0,0,0,0,0,1
8,7,1,0,1,0,1,0,33,0,29,5,4,2,0,0,0,1,0,0,0,1
9,7,1,14,2,0,1,0,25,26,0,0,0,0,0,0,0,0,1,0,0,1
15,13,2,0,1,0,1,0,29,0,1069,0,0,0,0,0,0,0,0,0,0,1
11,10,2,0,1,0,1,0,23,0,207,1382,10,0,0,0,0,0,0,0,0,1
12,0,1,0,1,0,1,0,31,3,17,13,23,0,0,0,0,0,1,0,0,1
11,4,1,4,2,0,1,0,33,2,55,123,17,1,0,0,0,1,1,0,0,1
8,0,1,15,4,0,1,0,21,1,4,8,6,0,0,0,0,0,0,0,0,1
